green_cover_pct,building_density,population_density,albedo,road_surface_pct,water_body_proximity_km,surface_temperature,carbon_sequestration_potential
34.3,0.29,15050,0.16,12.5,9.8,32.4,29.7
44.5,0.59,27164,0.3,23.4,6.6,35.0,35.6
38.0,0.75,8985,0.41,22.0,8.1,34.2,33.2
46.0,0.2,10738,0.42,46.7,9.9,30.0,39.8
47.6,0.86,29966,0.43,40.1,9.0,38.2,39.4
13.9,0.64,33758,0.35,25.1,0.9,41.0,12.5
15.0,0.37,7280,0.16,22.7,7.0,36.7,14.0
28.0,0.45,15555,0.43,31.4,7.7,34.6,27.1
2.9,0.85,26928,0.29,61.9,3.1,46.3,6.5
27.8,0.72,16453,0.3,25.0,4.9,39.4,24.2
34.1,0.78,12816,0.44,60.6,9.8,36.2,30.2
33.8,0.17,30089,0.15,35.4,0.6,34.6,28.9
12.2,0.38,26846,0.21,62.3,4.3,42.7,13.5
4.5,0.91,16694,0.36,53.0,6.6,44.5,7.4
47.6,0.27,3335,0.35,23.1,4.8,30.0,40.4
14.3,0.41,9506,0.41,19.0,3.2,36.5,14.3
46.6,0.59,26596,0.26,49.3,0.9,35.8,37.8
39.1,0.82,9933,0.42,41.1,0.5,33.6,33.9
33.8,0.16,24362,0.11,33.1,5.0,34.5,31.5
24.1,0.23,13543,0.39,63.1,2.8,35.1,23.3
27.8,0.51,30545,0.43,42.6,3.3,38.5,23.6
23.6,0.74,26837,0.23,37.2,3.3,44.0,21.3
19.0,0.32,20327,0.45,48.6,2.8,38.5,15.6
36.6,0.52,17749,0.38,45.5,5.0,35.5,33.2
6.5,0.29,17945,0.22,42.0,4.8,39.0,8.9
17.9,0.7,19754,0.22,22.7,7.2,40.9,15.9
37.7,0.91,14133,0.18,50.6,2.8,38.8,33.1
49.1,0.81,21414,0.19,19.9,0.2,34.2,42.0
15.2,0.93,21145,0.38,16.9,8.7,40.8,15.0
24.5,0.47,14082,0.49,23.9,8.6,34.7,20.2
5.1,0.52,5513,0.16,54.6,9.5,41.8,6.9
22.0,0.61,16790,0.41,30.9,9.1,38.2,19.1
30.2,0.46,5947,0.34,50.7,9.5,34.8,27.5
9.5,0.25,6919,0.16,32.5,6.9,37.5,9.9
3.6,0.34,20528,0.38,35.0,6.9,40.9,6.0
33.7,0.89,29861,0.15,22.4,1.6,41.2,28.3
8.8,0.15,22159,0.34,55.3,9.2,37.8,8.6
21.3,0.33,34361,0.28,42.9,8.9,40.4,20.7
31.0,0.12,17002,0.48,56.0,5.8,35.3,28.2
14.9,0.13,13481,0.29,45.8,9.2,34.8,12.8
30.1,0.64,34225,0.49,35.9,4.1,39.0,24.9
21.8,0.52,28244,0.43,40.3,4.6,39.6,19.0
17.5,0.92,28488,0.45,55.4,0.1,42.9,14.3
26.9,0.63,34669,0.35,51.8,2.1,40.8,24.3
46.5,0.47,33766,0.15,63.5,6.1,38.8,40.0
28.5,0.18,9435,0.28,16.5,8.3,32.1,25.3
36.4,0.53,19919,0.27,36.5,4.8,35.9,30.1
30.8,0.73,10946,0.45,25.2,7.9,35.9,26.7
46.8,0.53,2168,0.21,26.4,5.9,32.3,38.2
27.9,0.39,26720,0.28,27.7,2.0,36.9,25.8
29.4,0.3,28920,0.12,51.0,7.1,39.3,26.8
41.4,0.93,34461,0.49,16.9,9.7,38.5,34.8
6.8,0.82,8534,0.31,35.1,7.3,41.2,6.2
24.5,0.92,24187,0.35,31.9,0.9,41.9,21.2
34.4,0.55,22752,0.35,58.8,4.9,36.8,28.7
34.9,0.34,16908,0.4,33.9,1.1,32.2,31.1
43.9,0.48,21625,0.46,12.5,8.0,32.0,35.8
27.5,0.58,13800,0.17,14.3,8.7,37.9,25.1
13.6,0.88,11379,0.19,45.1,4.6,42.5,13.2
15.8,0.56,6840,0.28,29.0,5.9,36.2,15.8
22.4,0.31,21799,0.18,31.2,4.9,37.7,20.8
49.6,0.35,27939,0.21,41.1,6.9,35.5,43.4
4.4,0.62,34553,0.43,59.7,7.8,45.7,4.6
11.1,0.31,10963,0.35,59.7,6.5,39.3,10.4
23.2,0.59,10612,0.14,26.2,7.5,38.5,21.3
48.6,0.55,19860,0.43,24.1,8.3,32.9,41.3
40.7,0.73,24198,0.42,35.8,0.8,36.1,35.9
34.4,0.44,25971,0.14,31.7,2.7,37.0,28.1
19.7,0.74,19181,0.33,55.2,9.4,42.3,15.9
44.4,0.58,16507,0.36,44.9,4.7,34.9,39.0
33.2,0.2,4971,0.48,26.7,5.0,30.4,27.2
23.8,0.67,29467,0.33,50.0,8.9,42.9,22.3
42.0,0.62,20333,0.11,30.4,4.5,38.7,34.1
34.9,0.56,25506,0.12,25.2,9.7,38.2,32.7
41.6,0.18,15900,0.36,42.8,0.3,30.0,33.9
29.1,0.16,15576,0.33,54.7,2.4,33.0,27.2
39.9,0.61,20171,0.44,18.0,1.4,33.7,35.2
3.2,0.11,17593,0.34,10.9,2.7,36.4,3.2
22.2,0.2,6165,0.29,52.8,5.2,34.8,22.5
4.1,0.77,21767,0.28,63.0,0.7,45.6,5.7
21.3,0.68,34130,0.38,34.4,9.0,41.9,17.7
32.0,0.6,23311,0.25,42.9,3.0,39.1,28.1
22.6,0.77,9498,0.44,45.8,7.7,38.4,20.3
13.0,0.39,31720,0.26,50.1,3.2,41.4,12.0
14.2,0.91,33081,0.13,55.7,1.0,48.7,15.4
28.7,0.6,23603,0.37,32.6,8.7,38.9,27.7
22.3,0.88,5371,0.49,43.0,3.6,37.7,21.1
12.8,0.19,26088,0.15,25.3,2.3,38.3,12.4
28.9,0.75,3720,0.34,46.2,7.0,37.6,26.9
46.2,0.4,13888,0.45,41.1,4.1,31.2,37.7
32.4,0.13,16098,0.25,35.0,1.7,32.0,30.6
30.6,0.85,12196,0.16,44.0,6.8,41.1,25.8
33.8,0.51,30969,0.27,21.9,5.2,37.6,30.4
30.5,0.55,22212,0.12,31.7,6.0,39.3,24.4
16.5,0.28,10993,0.41,25.9,1.3,32.9,13.8
27.6,0.3,25210,0.13,57.4,0.5,37.6,22.2
46.2,0.83,30133,0.33,49.0,4.2,39.5,38.6
40.5,0.63,25714,0.14,56.4,2.5,39.5,35.3
27.2,0.44,22334,0.4,22.2,7.8,36.9,24.4
11.3,0.76,25009,0.39,55.0,8.2,44.5,10.2
9.0,0.27,12018,0.4,46.1,1.9,36.7,11.0
38.5,0.48,23181,0.45,44.5,1.6,33.7,31.1
23.2,0.36,20001,0.34,29.4,0.8,35.1,20.4
15.8,0.65,7917,0.35,37.9,4.7,38.6,15.4
40.0,0.86,31473,0.46,41.4,2.0,38.5,36.8
23.6,0.79,24507,0.49,14.6,6.5,38.6,19.1
36.0,0.94,12403,0.25,60.5,3.9,40.5,29.1
32.3,0.38,23606,0.14,47.3,2.9,36.5,29.5
33.5,0.87,11854,0.23,42.1,1.5,37.6,30.3
20.8,0.61,7552,0.22,30.7,7.9,39.7,20.7
34.2,0.8,8124,0.36,33.3,3.7,36.0,28.4
47.5,0.51,16846,0.5,18.5,3.0,31.1,41.9
26.4,0.56,4473,0.36,58.2,6.2,35.8,22.0
35.3,0.63,12848,0.39,12.4,3.7,33.8,31.8
48.5,0.62,31420,0.19,23.2,9.7,37.5,39.8
34.6,0.58,30874,0.28,25.5,3.9,36.7,30.3
48.4,0.79,11070,0.45,12.9,4.9,31.2,42.3
26.8,0.21,7496,0.41,25.0,9.1,32.6,22.2
23.0,0.9,16551,0.43,58.7,9.3,41.0,20.3
20.5,0.17,16715,0.11,61.2,8.4,38.3,19.6
40.0,0.22,20800,0.47,36.0,8.3,31.4,35.1
45.5,0.12,16133,0.43,40.2,7.3,30.0,39.0
7.3,0.34,21736,0.15,23.1,6.4,40.3,10.0
26.0,0.56,17855,0.39,26.0,0.1,34.2,22.6
29.4,0.26,7610,0.31,29.8,9.5,31.0,26.1
3.0,0.84,4853,0.35,64.0,2.6,42.8,2.5
39.8,0.39,8793,0.41,50.4,3.4,32.9,35.9
10.4,0.76,32449,0.49,36.3,1.9,43.6,9.0
36.4,0.9,4423,0.22,12.4,2.1,37.9,31.7
49.5,0.56,18601,0.11,45.6,2.9,36.1,43.9
4.3,0.66,19905,0.15,30.2,8.9,44.1,5.4
48.7,0.52,34605,0.25,53.9,2.7,35.8,39.4
22.4,0.47,13826,0.32,27.7,0.9,35.2,20.9
22.5,0.69,25038,0.28,50.0,9.1,41.4,21.1
22.9,0.64,5759,0.13,45.1,3.7,39.2,23.1
8.9,0.62,30716,0.11,13.7,7.8,43.1,9.0
20.4,0.58,12055,0.37,62.2,3.8,38.8,19.0
21.1,0.65,18358,0.48,11.4,1.9,35.7,19.5
45.9,0.2,19058,0.38,21.8,6.2,30.0,37.7
8.5,0.16,13315,0.46,34.5,1.0,31.6,10.2
42.6,0.37,24768,0.38,40.2,3.0,33.6,37.6
35.6,0.25,25690,0.3,16.7,2.1,33.8,29.2
39.9,0.12,26176,0.29,64.1,1.4,33.9,33.9
36.4,0.51,28921,0.41,55.3,0.8,36.5,34.0
32.8,0.48,24578,0.15,55.6,5.6,38.1,26.9
26.1,0.84,10137,0.31,26.7,1.7,37.5,25.6
12.8,0.91,20615,0.44,23.8,6.4,42.0,11.8
27.6,0.53,13051,0.34,41.9,1.8,35.9,25.2
45.3,0.39,4699,0.43,11.6,0.6,30.0,39.5
38.8,0.45,3984,0.3,44.5,3.0,31.6,35.8
25.2,0.78,28613,0.22,14.0,0.7,39.7,21.2
31.1,0.37,22926,0.39,57.3,9.8,36.9,25.5
19.8,0.58,22913,0.2,16.7,4.6,40.1,20.6
43.5,0.46,12466,0.43,61.4,7.2,33.4,35.7
9.6,0.95,32593,0.3,27.0,0.3,46.0,12.5
12.3,0.4,5312,0.21,42.9,8.4,37.5,13.2
15.7,0.11,9044,0.27,58.5,7.3,35.4,14.6
29.4,0.27,20913,0.13,37.7,7.7,35.8,24.9
49.5,0.68,9786,0.15,15.3,3.8,34.5,41.4
8.9,0.61,28305,0.3,12.5,1.5,41.5,8.8
24.7,0.49,11160,0.23,43.7,1.7,38.1,21.3
18.1,0.8,34102,0.38,26.5,8.2,43.3,16.3
34.3,0.93,22163,0.42,49.9,6.9,41.4,32.3
39.6,0.76,16912,0.39,42.1,1.8,36.5,34.8
31.7,0.81,11684,0.43,23.3,5.8,36.4,27.6
22.1,0.45,15362,0.26,52.6,9.2,37.9,22.0
37.3,0.15,11049,0.31,40.8,10.0,30.3,34.6
24.1,0.55,25218,0.37,57.7,6.8,40.1,23.3
14.7,0.51,18155,0.21,26.4,9.4,41.2,15.3
35.1,0.52,33444,0.24,61.4,8.0,40.3,29.4
7.8,0.68,26883,0.46,31.7,3.5,42.4,6.5
47.9,0.17,30991,0.36,51.1,2.2,32.1,42.5
15.0,0.58,19800,0.15,43.9,5.9,42.1,14.7
32.6,0.14,29086,0.23,36.0,6.8,36.5,26.8
48.3,0.93,12350,0.26,61.4,8.8,37.6,43.5
17.4,0.65,7862,0.36,22.8,7.4,37.6,18.2
3.8,0.88,29386,0.45,19.7,9.2,45.9,5.5
47.0,0.92,20970,0.45,10.5,5.7,35.6,38.1
49.2,0.34,34369,0.46,17.4,5.1,32.1,41.0
37.1,0.65,14202,0.11,28.5,3.0,38.5,33.1
11.3,0.62,28574,0.43,38.3,1.0,41.1,9.7
17.5,0.31,19090,0.25,34.6,2.7,37.0,15.6
30.0,0.59,19141,0.36,48.1,0.7,37.3,26.0
26.1,0.86,22380,0.38,45.1,9.4,41.9,22.7
12.6,0.91,33338,0.16,51.1,6.1,47.4,12.4
27.8,0.66,16313,0.4,47.4,6.0,38.6,26.2
27.2,0.55,25709,0.13,41.0,0.7,38.7,24.6
9.2,0.38,30956,0.15,21.3,5.9,41.7,7.8
26.5,0.79,31716,0.15,32.8,5.7,42.4,22.7
3.0,0.32,2197,0.4,41.8,0.5,34.8,4.1
5.1,0.95,6523,0.49,36.0,2.9,41.9,7.3
37.0,0.92,26540,0.5,31.0,8.7,39.5,34.1
20.0,0.68,10715,0.36,29.1,1.9,36.7,19.6
12.7,0.1,3489,0.49,35.5,7.2,31.7,12.3
20.2,0.3,32187,0.24,25.2,9.4,39.0,20.2
22.1,0.75,3025,0.2,13.7,6.0,37.1,19.9
34.3,0.84,18038,0.4,32.1,2.4,38.2,27.7
26.2,0.35,22899,0.33,52.5,8.2,39.0,22.1
44.1,0.94,16486,0.27,25.1,5.6,36.6,36.2
34.6,0.57,5072,0.49,61.8,6.7,33.3,31.6
17.3,0.45,11779,0.22,20.1,5.4,37.2,18.1
8.9,0.49,5776,0.32,63.2,5.6,40.0,7.8
13.7,0.27,7181,0.47,56.6,1.0,34.3,12.3
34.3,0.61,6769,0.18,51.9,7.3,36.3,30.2
25.0,0.84,23821,0.22,60.0,2.2,43.8,23.7
38.2,0.88,15402,0.26,23.2,3.3,39.1,32.0
24.4,0.65,22212,0.2,38.2,5.0,42.5,21.9
42.3,0.88,26294,0.23,12.5,8.7,40.3,37.5
2.8,0.57,29366,0.22,20.8,2.4,43.3,5.0
47.3,0.39,34022,0.49,45.3,5.0,34.0,38.7
40.2,0.24,34002,0.17,58.9,9.9,38.4,36.4
5.6,0.8,5179,0.41,32.7,8.4,40.4,5.6
35.9,0.11,31885,0.25,44.0,6.7,34.5,31.2
2.3,0.57,2776,0.11,49.7,5.4,41.2,3.3
26.1,0.69,30218,0.42,60.0,1.2,41.3,21.8
27.3,0.79,19519,0.42,14.3,9.6,38.5,24.1
13.7,0.69,21659,0.37,56.6,6.6,43.4,11.4
20.2,0.57,5677,0.35,48.7,0.9,35.3,20.4
33.0,0.38,8249,0.46,60.6,2.4,33.9,29.2
15.0,0.89,20374,0.46,41.0,0.4,40.3,16.6
17.1,0.92,11449,0.4,49.2,4.0,42.0,14.9
42.1,0.43,23740,0.25,50.7,7.9,36.2,37.1
5.8,0.73,24666,0.12,34.0,8.4,45.0,9.4
21.0,0.76,3941,0.35,53.1,4.6,39.8,17.9
28.5,0.42,14172,0.37,46.3,0.9,33.6,26.4
5.9,0.23,12110,0.4,27.4,1.2,34.6,4.7
16.8,0.41,19679,0.14,14.8,4.4,37.7,14.0
6.3,0.57,23261,0.45,10.7,4.2,39.6,8.9
36.8,0.58,17908,0.33,19.3,3.9,35.4,31.9
5.0,0.47,29597,0.22,53.0,3.7,44.8,8.7
36.6,0.52,14815,0.28,17.5,0.2,31.2,31.2
43.4,0.47,30220,0.43,57.3,9.7,37.2,35.4
17.4,0.91,15163,0.29,19.8,4.0,41.0,17.1
48.5,0.76,23357,0.25,54.9,4.0,39.2,39.4
29.1,0.6,13791,0.37,40.3,9.5,35.6,25.5
16.0,0.69,28813,0.37,17.7,3.1,41.5,14.1
9.4,0.46,26706,0.13,64.5,4.8,43.5,12.1
35.2,0.56,25562,0.38,54.7,6.0,38.5,32.7
7.2,0.31,25265,0.17,43.7,5.7,40.9,10.6
17.9,0.78,8943,0.1,24.2,5.2,40.0,16.9
29.9,0.59,31214,0.25,35.5,6.8,40.1,28.9
25.2,0.35,7626,0.15,61.7,1.5,35.8,21.7
23.9,0.28,33649,0.24,15.4,7.2,37.6,19.3
36.1,0.12,24483,0.36,47.2,1.7,32.8,33.8
13.7,0.25,12494,0.23,33.5,4.7,37.0,11.9
33.6,0.44,14931,0.28,33.6,0.1,31.6,28.0
15.4,0.7,6100,0.33,54.0,5.4,39.4,12.9
34.2,0.52,22539,0.34,43.6,5.9,37.3,29.1
42.6,0.62,21493,0.47,42.5,6.8,34.9,34.7
19.9,0.22,27458,0.27,17.6,3.9,37.2,16.8
32.5,0.69,13353,0.32,36.9,1.5,36.2,26.3
19.2,0.11,10947,0.18,31.1,5.7,35.2,18.6
21.6,0.52,31088,0.3,14.5,0.4,38.2,18.7
27.8,0.24,31971,0.33,52.5,5.0,36.9,24.8
29.5,0.33,26042,0.32,51.6,7.6,36.7,25.7
37.3,0.66,18222,0.22,65.0,4.6,39.1,31.6
41.2,0.47,9693,0.41,23.0,8.1,30.8,36.5
32.4,0.24,11124,0.41,54.7,8.1,32.3,28.8
27.5,0.61,13034,0.23,48.7,3.0,38.1,26.9
34.6,0.18,28974,0.47,64.6,8.7,36.4,28.3
43.6,0.31,23108,0.43,51.9,6.8,32.0,36.2
21.9,0.48,8101,0.26,51.2,7.0,37.4,21.9
23.8,0.51,2162,0.45,56.6,1.0,35.3,22.5
42.8,0.78,28064,0.19,33.6,2.2,39.0,35.6
41.8,0.39,10558,0.33,36.7,3.5,31.7,33.9
39.6,0.49,10142,0.47,18.7,4.6,31.0,36.6
22.5,0.95,10645,0.45,26.6,8.8,39.7,19.8
6.0,0.66,12847,0.12,44.4,7.3,43.3,8.6
22.6,0.18,8237,0.1,36.2,1.4,34.5,18.1
35.4,0.79,29676,0.38,36.3,2.4,40.8,28.8
40.7,0.19,26088,0.45,17.5,7.8,31.1,37.5
8.9,0.55,2555,0.34,19.0,3.6,36.5,8.2
37.9,0.88,30992,0.44,14.8,1.1,38.3,32.2
48.2,0.37,11163,0.2,45.5,2.6,30.9,41.6
36.6,0.34,3757,0.44,46.2,3.1,30.0,33.0
16.2,0.15,17685,0.3,16.2,5.0,34.6,15.9
27.4,0.93,25664,0.47,17.3,8.6,39.6,25.3
38.6,0.91,6783,0.11,13.7,2.7,36.9,31.1
4.9,0.77,20775,0.35,37.6,4.2,43.7,6.6
31.6,0.34,22310,0.13,60.7,9.7,38.0,26.1
17.7,0.6,6332,0.22,34.1,9.5,38.5,18.8
7.6,0.62,5606,0.22,50.8,7.4,41.7,6.7
36.0,0.7,12736,0.3,29.1,5.2,36.5,30.7
38.0,0.84,9736,0.41,11.6,8.1,34.4,31.8
5.1,0.71,7050,0.3,38.1,0.6,40.5,4.9
39.1,0.86,9558,0.19,38.0,0.5,36.3,35.6
13.7,0.5,27098,0.47,19.8,9.6,40.5,14.5
33.5,0.29,18270,0.27,49.6,2.8,35.1,27.2
19.9,0.53,5451,0.17,54.2,9.8,38.9,18.2
15.6,0.82,23449,0.13,35.1,3.8,44.4,13.9
39.7,0.73,17897,0.29,42.5,5.0,37.5,36.3
38.5,0.31,2417,0.47,11.3,5.5,30.0,34.0
35.3,0.11,23955,0.1,46.2,8.5,35.2,30.9
13.4,0.52,5925,0.49,17.8,2.9,34.7,10.9
13.1,0.82,29070,0.38,30.5,9.7,44.2,11.1
41.4,0.16,6081,0.27,63.0,2.4,30.8,34.4
17.1,0.78,23381,0.23,25.0,0.8,42.1,16.6
9.5,0.24,32543,0.23,16.6,3.6,41.2,11.5
23.7,0.49,9858,0.14,54.4,3.1,38.0,20.0
43.1,0.23,18267,0.49,31.8,0.6,30.0,36.0
41.4,0.25,28502,0.44,40.6,5.5,33.5,37.1
7.8,0.15,16567,0.15,55.3,3.8,39.3,9.4
32.9,0.59,18962,0.47,14.1,10.0,35.2,30.4
6.4,0.82,23728,0.15,61.8,0.6,47.4,9.7
22.8,0.72,34514,0.11,47.6,1.8,44.7,19.6
44.4,0.13,18107,0.36,37.4,8.8,30.7,37.9
6.2,0.43,29474,0.18,58.7,5.3,43.4,8.9
49.5,0.76,25534,0.29,53.0,3.5,36.7,42.4
17.4,0.33,3708,0.23,22.0,9.0,34.8,18.9
27.4,0.75,17254,0.49,15.5,6.6,36.6,23.3
41.2,0.88,5664,0.41,62.1,5.8,37.3,37.6
49.6,0.25,17502,0.34,54.3,7.0,31.2,44.2
3.4,0.7,11312,0.33,20.4,9.9,41.9,4.3
25.5,0.18,17245,0.34,11.1,4.8,32.1,22.1
31.5,0.79,24331,0.39,60.5,8.5,40.8,28.1
46.0,0.76,25913,0.48,30.5,9.4,36.2,38.8
6.8,0.36,10942,0.49,50.3,4.4,36.8,7.0
35.9,0.58,25384,0.19,42.4,1.8,37.7,30.3
35.0,0.21,2117,0.48,62.2,4.0,32.1,28.2
30.9,0.88,16476,0.36,15.7,5.0,38.2,26.4
5.7,0.39,22939,0.17,58.7,1.0,42.0,9.0
23.4,0.33,18353,0.38,29.3,7.9,34.3,22.3
4.3,0.47,29502,0.49,58.7,5.0,41.9,3.9
25.0,0.83,16783,0.17,14.1,8.5,41.2,21.5
17.3,0.91,6862,0.24,58.8,1.7,43.8,18.7
18.2,0.94,33636,0.38,33.7,6.6,45.8,17.6
22.8,0.15,23698,0.18,20.4,7.0,35.6,19.6
15.5,0.3,5252,0.26,40.2,5.0,34.4,12.7
2.2,0.17,33478,0.18,11.4,1.8,40.5,6.0
16.8,0.44,34053,0.46,24.6,6.5,39.8,15.4
19.8,0.42,14227,0.28,24.5,4.7,36.7,16.1
38.1,0.67,7616,0.37,54.4,4.2,35.9,34.3
12.9,0.15,27369,0.43,33.0,5.4,37.5,14.7
24.9,0.17,4275,0.3,59.5,8.0,32.6,23.3
31.8,0.2,31428,0.17,64.1,9.7,38.5,27.6
49.4,0.47,11691,0.43,24.2,9.1,30.0,44.1
5.2,0.43,28041,0.32,57.1,5.2,43.2,7.7
30.2,0.76,9374,0.27,18.2,5.9,36.9,28.0
47.1,0.89,8618,0.41,57.7,8.8,36.4,41.0
29.5,0.5,13285,0.21,17.9,6.1,35.3,27.1
3.9,0.86,23724,0.38,12.7,4.8,43.8,4.8
40.1,0.36,34218,0.44,47.7,9.7,36.7,33.2
16.4,0.73,23028,0.21,32.9,6.5,43.0,17.2
37.6,0.75,26504,0.43,38.3,1.7,38.3,31.6
26.3,0.22,3897,0.17,58.1,2.1,34.2,21.3
19.3,0.27,26140,0.43,37.8,6.4,37.0,16.1
3.5,0.42,31235,0.17,57.9,5.9,44.8,7.3
38.0,0.69,20682,0.11,12.7,8.6,38.3,34.3
12.3,0.29,16752,0.37,24.8,4.2,37.8,13.7
2.4,0.87,13350,0.34,10.5,2.6,42.7,5.9
16.7,0.92,20047,0.27,30.7,3.6,43.2,16.7
41.6,0.44,8705,0.1,65.0,9.7,36.4,37.5
28.9,0.6,20525,0.22,15.9,0.7,38.0,27.4
14.5,0.7,21581,0.18,38.5,2.5,42.7,11.9
43.2,0.79,28482,0.36,47.4,7.2,37.5,35.9
22.1,0.43,4314,0.33,64.7,8.2,34.0,19.4
36.2,0.68,33177,0.46,47.0,5.1,40.0,33.3
10.7,0.18,10384,0.4,49.9,5.6,34.4,13.1
47.5,0.86,7852,0.19,22.3,8.7,34.0,39.9
30.1,0.49,9718,0.29,57.7,5.9,37.1,28.8
5.4,0.86,34799,0.15,47.4,5.3,47.8,5.1
49.6,0.39,31987,0.16,57.4,1.9,37.2,40.1
18.0,0.94,22539,0.35,10.3,2.8,41.9,18.2
25.5,0.75,7769,0.15,33.9,4.4,38.6,22.5
24.9,0.1,15068,0.39,62.3,8.9,34.0,20.0
2.2,0.72,16828,0.38,28.9,1.4,41.0,3.7
30.3,0.24,4996,0.22,26.0,7.3,31.5,28.7
49.8,0.39,34124,0.24,20.4,9.5,34.2,44.4
21.4,0.29,10598,0.18,11.2,5.1,35.5,21.1
20.0,0.64,5184,0.34,12.6,1.2,36.3,20.2
4.3,0.2,31118,0.25,40.1,4.8,42.0,6.6
16.5,0.66,19693,0.35,48.5,4.2,42.1,17.7
26.6,0.63,20527,0.15,15.8,2.1,39.0,23.9
11.7,0.7,21356,0.16,40.1,9.1,44.4,12.8
25.1,0.3,2835,0.37,59.9,8.4,33.5,20.5
26.6,0.72,8638,0.46,45.4,4.6,36.5,26.2
14.7,0.14,13449,0.45,56.9,3.7,34.6,12.3
42.9,0.86,2633,0.44,46.5,1.8,33.3,36.1
23.0,0.63,8091,0.25,28.8,1.2,36.1,22.6
35.1,0.51,29639,0.36,53.8,1.2,38.2,31.6
4.8,0.9,12446,0.14,60.1,4.9,45.7,6.9
39.4,0.62,10562,0.29,36.8,8.9,34.6,33.7
5.0,0.66,2810,0.38,47.3,7.7,39.1,8.9
34.2,0.39,8241,0.27,50.0,4.9,33.6,30.7
32.8,0.23,5576,0.1,61.4,5.1,33.3,27.1
38.1,0.37,23685,0.49,12.8,2.3,32.2,33.7
21.4,0.3,32087,0.28,41.5,1.0,37.8,22.0
37.8,0.12,28439,0.26,40.6,0.1,31.8,30.7
31.0,0.63,21962,0.46,40.9,6.6,36.7,28.9
41.2,0.82,23756,0.32,44.1,4.8,39.1,36.2
36.4,0.2,16532,0.1,29.5,6.4,34.0,31.0
7.1,0.86,34271,0.16,49.4,7.2,47.9,6.2
31.3,0.26,27748,0.19,55.4,2.0,36.6,25.3
32.4,0.67,10075,0.41,34.8,6.6,36.7,30.7
8.5,0.52,5183,0.32,33.8,5.9,39.5,11.4
35.2,0.25,10413,0.14,46.2,6.1,33.2,29.8
44.3,0.46,18268,0.21,63.0,9.7,35.5,37.5
35.6,0.74,21589,0.44,40.1,3.2,37.6,32.2
28.6,0.28,15743,0.35,26.0,3.5,32.3,26.1
48.0,0.53,23127,0.38,51.8,5.7,32.8,41.3
47.2,0.7,20738,0.45,33.2,0.2,33.3,38.0
4.7,0.33,12547,0.49,47.6,1.5,37.7,4.1
39.6,0.27,4117,0.24,34.9,6.2,30.3,32.8
33.1,0.43,20850,0.38,12.6,3.9,33.1,28.6
39.8,0.68,5525,0.11,23.8,6.2,35.7,36.0
45.8,0.7,26100,0.4,40.1,6.1,35.0,40.5
48.3,0.35,13627,0.49,14.1,9.6,30.0,38.8
15.4,0.32,12546,0.33,24.0,3.4,35.2,15.9
9.4,0.23,23143,0.34,52.6,6.3,39.6,11.5
28.4,0.16,22831,0.31,62.6,5.3,35.2,26.7
9.6,0.56,28438,0.14,22.2,2.2,42.6,8.8
38.1,0.55,2576,0.15,29.0,2.5,34.2,33.7
46.1,0.31,4613,0.37,27.7,9.2,30.0,39.6
15.6,0.87,26573,0.31,38.0,4.9,44.0,14.0
33.3,0.37,7396,0.48,19.2,9.6,30.7,27.0
34.2,0.76,29800,0.43,21.3,8.3,38.7,31.8
37.6,0.47,6726,0.4,18.5,4.6,31.1,30.4
40.1,0.57,16918,0.46,32.4,4.6,34.1,34.1
17.2,0.43,9753,0.31,45.3,6.2,37.3,17.3
5.5,0.89,8955,0.22,47.7,6.1,43.4,5.8
46.5,0.42,4019,0.29,39.3,1.5,30.0,39.9
48.1,0.22,26453,0.48,10.6,8.8,30.5,39.2
4.0,0.59,27826,0.31,62.1,3.1,44.9,4.9
21.8,0.65,11335,0.16,22.1,8.4,37.2,18.4
10.7,0.78,5564,0.44,61.3,9.9,39.9,10.0
5.2,0.18,33928,0.48,29.6,6.7,39.4,5.3
15.7,0.16,14681,0.23,34.8,6.2,35.6,15.4
19.5,0.37,30069,0.17,27.2,7.9,41.1,19.2
32.8,0.34,25559,0.15,50.3,8.8,37.2,27.8
28.5,0.25,7372,0.44,57.2,1.5,32.3,25.5
14.6,0.85,7011,0.39,59.1,8.5,40.4,14.6
38.9,0.28,4402,0.32,39.9,10.0,30.0,33.5
39.2,0.41,16634,0.46,42.4,8.6,33.7,31.8
19.5,0.11,17655,0.44,54.4,6.2,35.3,16.4
26.7,0.48,13740,0.33,41.1,8.7,37.2,26.1
3.9,0.75,17187,0.13,30.3,0.5,44.4,4.2
45.6,0.41,32780,0.47,58.5,0.5,33.9,41.3
32.4,0.33,19256,0.33,41.4,3.8,34.5,27.8
30.2,0.86,7101,0.31,30.7,9.1,37.1,28.5
25.4,0.51,2432,0.3,17.6,1.7,33.4,20.7
32.9,0.28,14249,0.16,43.1,8.2,34.5,28.0
7.4,0.67,33393,0.18,18.9,8.4,44.5,6.0
4.1,0.59,12559,0.15,38.2,8.9,42.9,7.9
26.8,0.44,3220,0.45,50.0,8.2,34.0,26.2
12.4,0.62,32894,0.45,19.4,8.3,40.5,14.0
10.7,0.66,19335,0.17,47.7,9.2,42.8,11.5
5.3,0.42,10664,0.14,21.1,8.6,38.8,5.0
6.6,0.5,4558,0.45,39.2,7.5,37.5,5.7
33.7,0.87,2078,0.46,52.6,6.5,35.5,27.2
27.4,0.3,33596,0.42,31.0,5.9,36.6,25.6
38.6,0.69,8403,0.27,24.0,7.7,35.2,33.9
28.1,0.32,2358,0.38,53.4,5.8,32.6,23.1
2.3,0.66,22702,0.26,15.9,4.3,42.7,4.5
29.1,0.62,28047,0.4,32.7,7.9,38.5,25.7
19.8,0.57,18631,0.5,41.8,7.8,37.7,20.2
7.7,0.3,12603,0.14,38.0,7.9,39.5,10.2
31.5,0.68,5411,0.16,63.1,0.2,36.8,29.8
22.9,0.15,16533,0.25,43.5,7.3,35.4,23.0
21.2,0.66,20774,0.38,42.9,9.5,40.5,19.2
11.7,0.66,20743,0.18,53.1,5.2,42.7,12.9
31.5,0.67,25575,0.2,10.0,1.7,39.8,27.0
21.0,0.6,3007,0.39,13.8,1.0,34.0,18.2
41.8,0.88,24812,0.24,54.9,2.3,41.3,35.5
2.2,0.25,8977,0.32,37.7,3.5,37.3,2.3
26.6,0.32,18393,0.38,63.1,5.7,36.5,26.1
24.0,0.49,3792,0.29,24.2,3.9,33.2,23.1
12.6,0.7,22691,0.26,29.4,5.4,42.3,11.5
21.1,0.74,24412,0.13,61.2,4.8,43.6,18.6
44.9,0.33,14462,0.3,21.0,7.4,31.4,36.9
14.0,0.63,12223,0.41,16.6,0.9,36.7,16.0
25.6,0.11,4769,0.44,30.4,3.2,31.2,23.4
15.2,0.26,20367,0.26,51.3,1.4,37.0,14.8
22.3,0.9,4134,0.3,31.7,6.9,40.2,21.3
24.1,0.69,2774,0.37,30.9,1.1,37.3,21.1
43.4,0.26,19226,0.19,35.9,6.2,32.4,35.8
35.6,0.42,28253,0.21,19.9,1.4,36.8,31.4
13.0,0.18,19691,0.42,40.5,8.6,36.8,14.1
24.7,0.11,29624,0.3,64.8,8.5,38.8,22.3
36.6,0.77,21663,0.2,57.2,0.6,39.8,30.4
14.2,0.81,8311,0.28,28.4,3.7,40.7,14.2
46.7,0.32,3299,0.26,29.3,6.8,30.0,40.6
27.8,0.93,20652,0.24,47.0,4.9,42.0,25.9
44.7,0.42,20777,0.29,62.6,8.7,34.1,37.9
31.4,0.44,6675,0.13,28.9,3.2,33.3,28.4
36.1,0.61,27916,0.21,34.5,8.6,38.4,33.7
21.9,0.26,3513,0.15,22.9,2.6,34.4,21.2
38.0,0.28,28020,0.14,13.5,8.8,34.9,32.4
38.7,0.17,19200,0.35,14.6,9.3,30.7,32.9
13.0,0.73,31042,0.35,17.2,8.4,44.1,14.7
17.6,0.5,19852,0.32,17.4,9.5,38.4,16.8
30.4,0.49,30506,0.31,45.2,3.2,38.3,28.3
23.2,0.41,19026,0.16,10.6,5.3,37.9,22.4
8.5,0.34,2545,0.38,37.1,7.6,35.4,10.8
30.7,0.78,26487,0.18,58.5,4.4,44.0,25.8
36.3,0.65,26796,0.19,14.4,6.3,36.9,32.1
35.3,0.33,19617,0.27,56.9,1.9,35.1,29.7
32.6,0.63,19834,0.38,37.1,3.3,38.2,26.2
48.7,0.34,10194,0.39,50.0,2.4,31.8,39.7
25.7,0.39,22419,0.41,37.4,3.8,36.2,21.0
38.0,0.22,19465,0.41,13.9,4.8,30.6,31.4
42.4,0.79,2826,0.15,52.2,2.6,36.4,37.6
3.6,0.49,8157,0.31,64.0,4.8,40.0,6.3
17.0,0.37,4764,0.4,40.2,1.3,33.6,15.4
4.5,0.67,9400,0.19,33.9,0.2,40.3,7.6
30.1,0.44,17931,0.1,12.3,7.9,35.5,25.9
6.3,0.23,7990,0.37,28.6,9.7,35.9,8.8
4.9,0.4,12087,0.38,53.5,1.3,39.1,7.9
38.3,0.78,30751,0.39,11.2,3.8,40.2,34.3
14.0,0.13,30672,0.32,39.9,5.0,37.3,12.8
24.5,0.84,12508,0.13,18.5,3.0,39.8,20.9
19.6,0.1,26840,0.39,58.6,6.2,36.0,17.3
5.0,0.92,27394,0.18,47.6,7.7,49.2,4.8
15.6,0.45,23104,0.14,38.8,0.8,40.4,16.8
11.7,0.51,8471,0.11,45.3,3.9,39.9,11.8
32.0,0.6,5216,0.25,43.3,0.8,35.4,28.1
44.7,0.17,5978,0.24,50.9,8.9,30.0,39.9
40.1,0.15,19420,0.31,50.4,8.4,33.0,34.7
6.9,0.3,27253,0.18,38.9,2.6,41.7,8.6
10.6,0.74,29209,0.4,52.1,5.8,43.8,10.6
7.0,0.77,28316,0.3,46.2,5.4,44.6,8.6
46.8,0.87,23276,0.44,32.7,6.4,37.1,38.6
28.2,0.42,18651,0.24,34.9,9.6,36.2,22.6
3.7,0.34,3068,0.31,64.6,3.1,38.3,7.2
3.0,0.8,20085,0.47,38.1,5.7,44.0,5.3
6.5,0.49,12230,0.16,30.2,5.9,40.8,5.7
21.2,0.88,7059,0.39,53.6,1.8,41.1,21.1
35.1,0.59,8249,0.34,26.5,7.3,33.9,28.4
39.0,0.4,30462,0.27,57.7,8.7,37.5,32.3
33.3,0.61,2749,0.35,44.8,0.6,32.7,29.5
17.7,0.69,12039,0.12,50.2,4.0,41.6,16.4
30.6,0.53,16554,0.27,53.3,1.6,36.7,28.2
28.3,0.32,28117,0.3,52.6,1.4,38.1,23.3
28.8,0.51,14851,0.32,64.8,5.3,37.7,25.2
34.9,0.59,9374,0.37,33.3,3.5,34.9,29.5
30.5,0.12,21976,0.17,29.2,8.2,34.8,26.6
46.4,0.3,26498,0.16,50.1,0.9,33.2,40.8
13.7,0.63,11678,0.45,55.1,0.2,37.4,13.2
3.1,0.28,15885,0.18,38.8,2.7,39.5,4.9
37.0,0.22,3205,0.25,59.8,5.3,31.7,30.6
35.4,0.33,32471,0.36,10.5,3.9,35.0,29.7
42.9,0.66,9070,0.11,57.7,6.5,37.0,39.2
6.8,0.37,7768,0.17,37.5,4.6,39.6,10.1
3.0,0.31,21983,0.23,31.6,1.7,39.9,5.5
13.3,0.93,34850,0.21,13.4,2.7,46.7,12.6
50.0,0.94,20362,0.19,28.8,4.0,38.9,42.6
34.5,0.84,16904,0.27,41.5,4.3,40.3,29.2
31.1,0.48,10635,0.18,17.6,5.5,35.5,26.4
35.8,0.55,10863,0.27,60.0,7.7,34.8,31.9
29.1,0.23,6444,0.32,62.2,1.3,32.1,26.9
38.7,0.85,29134,0.48,26.7,7.5,40.0,35.1
32.6,0.73,11958,0.41,15.9,1.9,35.1,27.4
29.2,0.3,17216,0.19,11.4,0.9,32.5,27.3
8.4,0.82,32720,0.38,30.6,8.5,44.9,7.7
3.5,0.75,2983,0.47,62.3,2.3,40.9,6.2
11.7,0.27,13604,0.47,64.2,8.7,36.4,11.6
13.8,0.44,4741,0.34,55.3,7.2,37.4,13.0
47.1,0.59,4523,0.31,34.8,8.3,34.6,40.3
21.0,0.72,27388,0.31,44.7,0.6,41.9,18.3
21.1,0.36,20737,0.28,33.2,6.2,38.4,17.6
41.8,0.48,34811,0.15,52.8,9.4,39.7,36.9
8.5,0.45,31549,0.11,35.0,9.0,45.3,7.3
17.6,0.65,12747,0.39,16.8,1.2,36.1,16.3
19.4,0.55,27171,0.39,63.6,6.2,41.9,15.7
10.2,0.38,11836,0.16,18.0,7.7,39.1,8.4
16.8,0.72,31245,0.22,19.9,9.0,43.4,17.3
2.6,0.52,34679,0.32,10.3,8.8,43.3,3.3
30.3,0.5,28879,0.28,43.1,0.2,37.6,27.4
41.4,0.28,14113,0.16,45.9,0.5,31.8,37.4
34.0,0.81,21558,0.23,14.8,1.2,38.8,28.6
33.7,0.69,13627,0.49,51.2,3.7,36.1,27.1
38.9,0.37,26834,0.43,51.7,8.4,36.0,31.7
43.3,0.38,29116,0.31,48.3,6.2,36.0,35.2
37.0,0.63,7745,0.29,47.9,9.3,36.3,32.6
17.2,0.55,25190,0.47,43.8,5.0,39.6,17.4
25.9,0.79,17251,0.38,63.9,0.1,39.6,21.3
42.7,0.78,29173,0.27,28.4,5.6,39.0,37.3
2.5,0.27,20456,0.2,13.7,3.1,38.1,2.6
18.0,0.44,3908,0.43,20.7,8.4,33.6,19.0
25.0,0.5,4330,0.36,36.5,6.3,35.5,21.7
39.6,0.45,5671,0.43,26.5,7.3,30.2,33.3
27.7,0.28,23739,0.42,58.8,3.6,36.7,22.3
49.2,0.63,12876,0.33,31.4,6.0,33.0,43.7
38.1,0.7,22611,0.38,24.9,1.0,36.5,34.6
16.5,0.55,13469,0.14,53.2,7.8,40.4,17.8
23.3,0.12,33631,0.46,18.5,3.5,33.1,20.2
17.7,0.75,8439,0.43,61.6,6.8,40.0,14.8
36.8,0.49,9591,0.1,61.3,6.9,36.5,31.8
4.2,0.54,22478,0.11,51.7,6.4,44.6,4.4
11.6,0.34,22915,0.41,46.9,2.8,39.0,14.1
28.9,0.19,24958,0.32,24.9,9.4,34.8,27.1
29.6,0.25,22406,0.35,28.6,4.5,34.9,27.1
7.1,0.15,29948,0.26,48.8,8.9,41.2,8.8
35.1,0.48,25306,0.22,55.0,7.2,38.0,32.9
38.3,0.5,10637,0.14,54.1,7.0,35.2,31.1
16.9,0.65,32500,0.29,62.1,1.5,44.3,15.3
10.8,0.88,23648,0.42,58.5,4.6,44.4,8.8
24.8,0.4,32227,0.44,25.5,3.6,36.5,21.9
36.3,0.19,6648,0.42,39.3,4.1,30.0,31.1
31.8,0.57,33612,0.25,28.7,8.2,38.7,27.6
39.8,0.56,17476,0.17,46.8,7.4,36.2,35.4
42.2,0.2,32337,0.23,15.4,4.5,33.3,36.8
34.9,0.61,26832,0.23,45.5,0.7,39.2,29.0
8.7,0.59,2012,0.4,46.3,4.6,37.9,9.2
11.9,0.85,21643,0.33,60.2,3.1,45.7,14.2
22.9,0.94,24561,0.5,42.0,6.2,40.4,22.6
5.0,0.87,5481,0.1,40.8,9.8,44.3,4.5
15.5,0.13,30292,0.38,31.7,3.2,36.3,15.1
33.8,0.5,14335,0.32,56.4,3.7,36.6,29.1
15.8,0.84,10227,0.15,13.9,0.3,39.4,14.8
49.5,0.17,29253,0.44,59.1,7.0,31.2,44.3
31.9,0.49,29795,0.32,34.8,3.6,38.4,28.4
42.6,0.3,34881,0.21,61.0,5.8,38.4,34.2
3.8,0.51,26155,0.15,36.5,6.9,45.0,8.0
49.2,0.76,32470,0.31,38.8,6.1,39.3,40.6
32.3,0.66,7117,0.37,39.7,5.8,34.2,28.5
2.5,0.49,32751,0.33,28.2,3.6,42.2,6.9
16.1,0.24,21927,0.39,41.0,0.7,35.4,13.1
49.5,0.79,3789,0.21,14.5,5.1,33.1,43.9
15.3,0.21,20413,0.21,24.1,7.4,35.8,15.9
33.6,0.41,13494,0.2,48.5,4.9,34.7,30.9
43.4,0.39,7531,0.49,42.8,8.2,31.0,36.8
20.4,0.66,12963,0.18,50.4,3.5,39.4,19.5
38.3,0.2,12983,0.29,36.2,4.8,33.2,31.8
34.8,0.43,19211,0.16,57.9,0.2,35.1,32.5
23.5,0.68,4688,0.14,39.2,3.6,39.1,22.1
15.1,0.33,8440,0.2,42.1,4.7,36.2,15.5
13.6,0.67,14774,0.31,47.3,9.9,41.2,10.9
5.3,0.45,8809,0.37,29.3,7.3,38.3,5.5
3.6,0.63,5727,0.48,46.1,8.4,40.7,6.4
7.8,0.83,10513,0.25,52.0,6.5,43.4,10.3
10.9,0.19,14075,0.2,35.7,9.4,36.2,10.1
22.5,0.87,23194,0.2,52.9,2.8,42.5,18.3
20.7,0.95,18923,0.48,24.6,4.5,38.9,19.6
10.6,0.52,11428,0.32,33.7,6.2,39.0,9.0
23.2,0.32,4284,0.13,41.4,2.6,33.6,19.3
32.7,0.89,27590,0.21,48.5,9.1,43.6,29.0
26.7,0.9,34157,0.29,32.2,7.3,43.9,22.5
20.5,0.69,33592,0.15,39.4,9.9,44.1,18.1
16.5,0.15,7941,0.25,56.9,3.5,36.0,14.6
11.7,0.57,27176,0.36,26.4,4.0,40.0,9.9
35.1,0.51,30703,0.39,17.7,2.0,35.9,30.5
5.0,0.56,22167,0.3,63.1,8.1,42.8,8.8
2.8,0.39,24132,0.42,12.4,1.3,39.3,4.5
34.5,0.84,11761,0.4,22.8,0.8,34.5,31.3
25.5,0.12,5001,0.2,45.7,0.2,30.0,24.5
6.7,0.62,6191,0.43,15.8,5.0,36.6,9.4
12.6,0.78,29932,0.23,56.0,7.4,45.8,13.5
28.2,0.37,15974,0.41,42.6,3.4,34.9,23.2
8.8,0.45,26243,0.32,34.1,9.3,41.6,11.3
31.4,0.76,3024,0.45,14.4,0.2,32.2,29.8
35.9,0.6,20594,0.27,54.4,7.7,38.0,31.9
27.1,0.45,13439,0.34,12.1,1.9,33.5,24.2
47.6,0.63,21739,0.24,10.3,2.4,35.0,38.6
19.4,0.75,16370,0.29,44.5,2.2,41.5,15.8
7.4,0.23,33091,0.3,18.8,9.2,40.7,7.0
14.1,0.62,31697,0.12,50.7,9.3,45.6,12.2
39.7,0.51,9606,0.13,22.9,4.5,33.5,35.5
45.1,0.3,9217,0.23,15.4,7.4,30.0,40.4
20.0,0.29,32866,0.33,13.0,4.4,37.8,16.9
19.9,0.49,14724,0.35,63.7,2.1,39.5,16.6
35.2,0.15,10945,0.14,35.6,4.2,32.4,29.6
9.5,0.78,13136,0.33,40.4,2.4,41.3,9.7
27.0,0.83,16184,0.34,56.0,2.9,40.3,22.8
17.7,0.59,11762,0.47,59.4,4.2,37.1,14.4
49.6,0.72,4203,0.27,31.7,8.1,32.8,42.2
6.0,0.74,28648,0.48,17.3,3.0,42.2,8.0
6.4,0.51,21977,0.16,35.3,5.7,40.9,7.4
8.7,0.7,14120,0.42,30.4,4.7,39.3,10.1
43.3,0.16,23817,0.31,26.3,7.6,31.2,37.5
11.9,0.68,24000,0.39,13.0,9.5,39.9,12.9
44.6,0.19,25959,0.29,12.2,3.7,30.5,38.5
39.1,0.22,23949,0.2,16.2,4.8,32.2,36.0
29.8,0.92,15749,0.4,51.8,3.3,40.9,26.0
4.6,0.42,31649,0.29,39.0,1.3,41.9,7.2
34.6,0.55,21153,0.28,30.2,6.8,36.0,32.1
11.0,0.85,7721,0.13,59.4,3.0,41.9,13.6
7.2,0.33,11696,0.3,58.1,5.3,38.7,10.6
28.0,0.21,24721,0.27,50.6,0.3,34.3,23.3
3.1,0.78,24012,0.26,28.9,6.5,44.7,6.0
42.4,0.48,21928,0.33,59.4,3.1,36.6,37.9
12.9,0.42,20883,0.41,12.6,3.6,36.8,14.9
36.2,0.34,13492,0.44,48.1,6.7,32.9,29.7
13.4,0.13,22750,0.33,34.2,3.8,36.9,14.0
48.9,0.23,31388,0.32,18.9,3.1,33.0,43.7
21.4,0.52,11527,0.48,61.0,1.6,37.6,19.7
33.1,0.35,20994,0.49,51.5,9.9,34.4,29.8
40.4,0.72,30973,0.24,16.2,4.8,39.8,32.9
3.2,0.62,16441,0.28,15.1,0.6,40.6,5.8
30.0,0.29,20214,0.18,14.6,8.5,34.1,28.9
20.9,0.52,5673,0.46,29.9,1.6,32.5,21.0
19.7,0.42,20654,0.24,26.9,4.5,37.7,20.2
37.6,0.45,30999,0.22,54.3,9.7,38.5,32.2
45.0,0.22,7641,0.16,26.7,9.9,30.0,40.7
30.4,0.42,2433,0.26,60.3,4.2,34.4,27.1
36.1,0.74,10973,0.18,55.8,3.0,36.9,30.4
30.1,0.52,32372,0.19,53.5,1.6,40.7,25.6
32.7,0.64,10138,0.36,59.1,4.2,35.5,27.4
7.7,0.34,6372,0.34,29.9,4.9,36.5,8.3
14.4,0.68,9837,0.25,50.3,0.3,39.2,12.3
24.1,0.69,25421,0.17,25.0,4.3,42.3,23.8
19.1,0.35,7034,0.31,52.2,1.9,36.7,18.0
43.9,0.8,21731,0.21,48.4,3.7,39.6,37.8
18.9,0.22,10975,0.31,30.5,4.9,33.4,15.6
9.4,0.29,14348,0.42,40.7,6.9,38.5,12.3
42.6,0.71,9468,0.27,60.4,1.3,35.9,35.8
35.2,0.22,30962,0.46,42.9,7.7,34.6,29.9
36.1,0.12,9772,0.19,57.1,1.5,32.0,29.5
5.8,0.69,9321,0.13,52.6,7.6,44.0,4.9
7.2,0.77,5884,0.29,60.0,0.5,41.2,6.2
7.9,0.61,15108,0.17,29.3,1.0,41.2,10.5
47.2,0.91,24795,0.24,57.0,7.8,39.5,38.1
41.3,0.75,16221,0.39,63.0,1.8,36.3,36.8
2.2,0.72,16025,0.47,56.8,4.8,42.9,5.1
7.2,0.81,26878,0.27,38.3,4.1,45.0,9.6
17.1,0.5,10907,0.3,29.9,3.0,37.2,16.1
20.5,0.49,22447,0.37,56.3,2.3,38.9,18.4
49.3,0.46,6561,0.46,54.1,9.4,30.4,42.8
34.3,0.44,7570,0.15,31.7,7.0,34.6,32.3
37.6,0.86,13057,0.13,63.6,3.5,38.4,30.7
42.2,0.72,20252,0.41,52.1,6.0,35.5,37.5
40.4,0.9,25337,0.29,43.2,4.1,39.6,36.2
7.2,0.31,34589,0.19,61.8,0.4,42.7,9.4
41.9,0.52,3753,0.49,31.0,6.8,31.1,34.0
5.7,0.74,34256,0.42,21.1,6.7,45.4,7.0
14.6,0.39,3158,0.48,11.7,4.4,33.7,13.3
20.1,0.49,4153,0.17,46.3,7.8,37.1,20.5
9.9,0.47,22477,0.39,36.8,1.2,38.9,11.3
29.5,0.5,12243,0.3,31.5,5.0,34.4,28.5
31.6,0.4,20640,0.23,11.5,0.5,34.3,29.0
3.3,0.86,24364,0.25,33.5,9.9,45.7,4.7
4.7,0.31,17376,0.36,42.6,9.1,39.9,5.4
2.9,0.38,32206,0.36,33.2,5.2,42.5,4.4
3.0,0.5,3457,0.49,30.8,4.0,35.8,2.9
34.4,0.39,34949,0.42,46.7,1.7,36.3,29.0
48.5,0.27,6936,0.44,39.5,2.9,30.6,40.8
12.8,0.73,8026,0.39,41.8,6.0,40.6,11.6
29.2,0.55,29990,0.18,53.8,6.6,40.8,25.5
27.9,0.27,28365,0.2,38.3,6.7,39.0,25.1
44.3,0.63,14225,0.33,21.7,9.6,33.8,40.1
27.6,0.62,30424,0.47,50.0,0.7,37.8,23.1
24.2,0.3,21678,0.44,32.6,8.6,36.2,23.6
14.8,0.34,12524,0.2,43.1,4.1,37.4,12.4
11.2,0.31,22351,0.29,40.8,4.4,39.1,9.8
8.5,0.32,20204,0.36,19.7,8.5,37.8,11.6
25.3,0.12,7500,0.23,26.4,0.7,32.8,23.6
44.5,0.44,11211,0.19,41.4,5.1,32.9,36.2
33.9,0.59,18502,0.3,15.0,6.0,36.0,31.3
37.4,0.78,17462,0.47,22.0,1.2,34.5,31.0
15.2,0.45,5665,0.3,30.6,9.5,36.2,15.6
48.2,0.85,11496,0.25,49.4,8.2,37.5,38.7
48.4,0.61,5583,0.38,53.4,2.5,31.5,43.5
19.4,0.79,9998,0.31,23.0,4.5,38.9,15.6
48.1,0.89,18746,0.22,61.5,7.6,38.7,39.3
23.1,0.37,28626,0.42,25.1,0.9,37.7,22.4
25.6,0.73,23805,0.39,58.2,8.2,41.7,23.0
18.9,0.61,23415,0.28,11.5,0.6,37.4,18.3
32.2,0.77,10918,0.1,21.0,3.1,37.9,27.0
36.3,0.75,10525,0.44,47.7,7.9,35.9,30.6
25.0,0.72,19083,0.17,42.6,3.3,41.0,21.8
20.9,0.42,16711,0.11,11.3,5.6,37.9,19.8
13.0,0.18,32305,0.18,48.6,1.8,39.7,11.7
6.3,0.41,9690,0.11,38.9,7.8,40.8,9.7
41.7,0.52,16711,0.39,20.5,8.6,33.2,35.8
8.2,0.83,16127,0.5,25.6,6.8,40.7,8.7
21.6,0.22,21018,0.49,23.0,4.6,33.8,20.5
6.1,0.5,23184,0.49,31.9,2.2,40.9,6.8
22.3,0.61,6787,0.14,13.2,3.4,37.3,22.8
47.1,0.92,4982,0.1,37.7,3.9,38.6,42.6
34.2,0.21,4695,0.33,24.3,5.1,31.5,28.0
17.2,0.55,11292,0.2,27.2,9.8,38.0,16.3
48.7,0.34,25631,0.47,25.6,8.8,30.3,40.3
17.0,0.86,22679,0.39,37.0,9.5,41.8,16.4
46.3,0.64,30835,0.12,18.2,2.4,38.2,40.6
22.9,0.95,34434,0.12,29.6,7.1,46.4,20.7
25.7,0.82,11702,0.15,15.1,8.7,39.8,23.1
15.1,0.86,15919,0.33,63.4,5.3,43.9,14.9
22.0,0.17,34644,0.37,58.8,0.4,36.5,19.6
30.3,0.91,23203,0.16,14.5,8.3,40.4,27.5
23.8,0.91,2380,0.23,12.4,6.3,36.5,24.0
45.5,0.78,10475,0.18,12.7,6.5,35.6,38.0
4.7,0.16,26994,0.14,24.0,2.5,40.1,3.9
12.0,0.43,28371,0.21,51.4,6.6,41.8,10.2
25.6,0.47,22322,0.46,43.2,3.7,37.5,21.5
23.4,0.43,19595,0.33,33.3,7.6,37.6,22.8
31.5,0.47,29919,0.14,38.2,9.7,39.2,28.8
46.7,0.55,7503,0.22,34.1,9.1,31.9,39.7
9.1,0.21,21687,0.44,38.8,3.0,37.4,7.5
7.2,0.46,8192,0.29,49.6,8.1,39.6,7.5
30.1,0.75,3066,0.15,46.4,1.9,38.1,24.5
44.1,0.35,31818,0.4,34.7,8.1,35.0,37.0
46.1,0.79,15832,0.17,51.1,6.1,38.2,39.6
2.3,0.2,13254,0.36,35.3,4.1,37.1,5.1
37.7,0.72,21844,0.35,63.6,3.7,38.3,32.1
16.5,0.21,2909,0.18,54.9,7.0,34.6,14.1
3.3,0.51,11512,0.36,34.0,6.3,40.0,4.1
24.2,0.5,3429,0.15,59.6,7.4,37.1,21.6
25.3,0.12,31459,0.33,21.1,5.7,35.4,20.3
32.3,0.71,29242,0.44,50.5,6.0,39.6,28.6
16.0,0.51,33857,0.31,49.9,9.4,44.1,14.0
4.9,0.12,22699,0.32,24.7,6.5,36.8,8.4
7.6,0.63,24725,0.28,34.0,1.7,42.6,8.3
26.4,0.6,24226,0.47,56.9,7.2,38.2,23.5
44.4,0.71,27583,0.48,55.8,6.8,37.2,39.5
42.5,0.63,20511,0.38,14.7,4.9,32.9,34.9
9.5,0.52,29261,0.48,37.2,2.4,38.0,9.4
14.5,0.68,13450,0.43,59.2,0.4,38.0,11.9
22.7,0.62,9909,0.32,36.8,9.9,38.0,22.0
28.7,0.86,8825,0.38,61.0,4.4,37.9,25.2
42.4,0.19,8939,0.41,43.5,8.6,30.3,36.5
10.0,0.2,15460,0.46,18.6,3.0,35.2,10.2
26.3,0.72,8507,0.16,30.0,8.2,39.0,25.9
38.9,0.11,33042,0.24,37.8,0.9,34.1,33.0
38.2,0.41,18085,0.16,51.4,4.3,36.4,32.6
21.6,0.49,25709,0.48,34.3,7.7,39.4,20.9
26.8,0.16,24171,0.23,64.0,1.7,37.9,24.7
32.8,0.87,5788,0.49,63.9,8.0,38.0,30.6
48.7,0.46,21944,0.39,27.3,3.5,33.1,42.0
9.0,0.44,15443,0.46,44.3,6.2,37.1,9.4
18.6,0.79,28509,0.41,58.5,0.9,41.9,18.5
44.2,0.54,20607,0.19,38.1,3.2,35.6,37.1
32.5,0.12,18953,0.2,52.6,7.3,34.8,26.3
19.9,0.63,25230,0.15,51.6,9.4,43.0,18.2
29.5,0.1,24215,0.49,54.3,9.9,32.0,26.7
27.6,0.61,24959,0.22,46.7,8.2,39.9,24.9
8.7,0.42,18228,0.14,38.4,2.0,41.0,7.7
22.4,0.45,8045,0.12,58.9,4.8,37.5,20.2
19.7,0.55,27872,0.45,42.1,6.4,41.1,20.5
37.1,0.45,12672,0.16,17.0,7.1,34.2,30.3
35.8,0.83,9737,0.38,35.0,0.4,35.8,33.2
7.7,0.82,9230,0.15,41.4,0.5,43.2,6.9
19.8,0.94,21874,0.22,11.5,1.5,42.4,20.5
16.6,0.34,13998,0.43,36.9,1.3,34.4,15.0
43.8,0.45,22296,0.33,59.5,7.8,34.2,38.1
38.6,0.53,32207,0.4,46.7,1.6,37.3,34.5
6.3,0.63,28845,0.25,59.5,3.5,46.6,7.3
15.3,0.18,12853,0.38,41.5,8.0,35.4,15.8
28.9,0.21,7580,0.18,44.0,5.8,34.6,24.1
24.8,0.86,9882,0.36,39.3,9.6,39.7,21.2
11.9,0.81,31113,0.13,39.3,3.3,45.7,14.2
18.3,0.25,3576,0.44,27.5,2.6,31.6,15.2
6.8,0.24,11439,0.17,52.3,1.6,39.7,5.7
48.1,0.25,5833,0.22,15.4,1.5,30.0,42.9
14.4,0.9,9927,0.12,23.2,6.0,42.7,14.0
47.6,0.33,22862,0.29,32.4,4.9,33.5,40.1
13.2,0.85,19639,0.32,42.2,1.1,42.8,11.2
29.3,0.48,34796,0.18,63.2,3.8,40.6,28.4
39.5,0.56,29771,0.48,40.5,0.5,35.9,34.7
33.3,0.24,5943,0.47,36.5,6.0,30.0,30.8
20.2,0.4,15943,0.33,38.1,0.6,35.8,17.7
21.0,0.2,11152,0.39,64.9,8.8,34.0,17.9
26.2,0.78,24454,0.35,63.9,7.1,42.0,22.6
12.1,0.92,23525,0.11,48.1,6.5,48.2,9.7
24.9,0.87,13372,0.27,59.2,7.1,41.8,23.9
33.2,0.17,4028,0.46,54.9,4.5,30.0,27.2
48.7,0.42,25459,0.25,56.2,8.1,35.7,40.8
11.3,0.11,3296,0.4,47.4,7.1,33.5,10.0
41.2,0.63,16493,0.19,37.2,3.7,36.1,36.5
12.0,0.27,27957,0.14,25.3,5.1,41.9,10.5
11.3,0.73,13503,0.13,17.1,0.7,40.8,10.2
27.1,0.76,14573,0.44,11.3,9.7,37.8,25.1
31.5,0.68,31748,0.1,33.5,6.8,41.1,26.8
42.5,0.45,9976,0.37,35.7,3.7,30.6,37.8
44.4,0.29,20214,0.47,39.3,3.2,30.5,39.9
40.8,0.94,16786,0.49,33.3,0.8,36.6,33.9
9.9,0.36,8339,0.11,33.8,0.3,37.6,12.1
13.9,0.5,24334,0.43,55.2,5.2,38.8,12.3
5.5,0.61,30739,0.41,44.4,5.8,44.1,4.6
17.0,0.82,6261,0.41,13.4,8.0,38.2,13.9
31.3,0.47,8673,0.37,40.8,3.0,33.7,28.8
13.2,0.61,2695,0.28,35.5,4.3,38.4,13.7
6.9,0.65,3702,0.28,28.1,2.0,40.0,5.9
39.9,0.26,10256,0.35,24.1,4.3,30.8,35.5
23.3,0.31,4888,0.12,27.1,4.4,36.0,20.2
44.5,0.76,11660,0.29,43.2,3.0,35.3,40.5
26.8,0.66,11476,0.12,37.9,8.4,39.7,22.4
11.6,0.87,6482,0.24,46.7,7.0,41.9,14.2
30.8,0.38,23997,0.35,33.0,1.7,34.1,24.9
12.5,0.1,16616,0.38,35.7,2.2,35.2,12.4
38.9,0.79,26635,0.18,20.1,9.9,39.4,31.3
7.5,0.35,14740,0.35,60.2,3.7,39.6,10.9
11.6,0.34,16348,0.45,49.5,3.5,37.0,9.4
42.5,0.87,3375,0.43,17.5,6.6,33.3,38.4
18.2,0.28,31897,0.2,54.5,6.6,42.9,19.5
44.3,0.85,6284,0.15,58.5,1.4,36.3,36.4
27.6,0.69,22837,0.34,63.7,2.5,41.6,23.0
27.7,0.77,23474,0.2,44.6,2.9,41.9,22.8
26.4,0.6,34046,0.18,14.5,4.8,40.8,23.7
38.1,0.65,26527,0.3,35.5,3.3,37.7,32.3
35.3,0.71,34426,0.29,42.0,6.4,41.3,29.3
45.0,0.48,17360,0.26,26.8,8.9,32.5,38.9
46.9,0.42,7554,0.15,14.6,4.5,30.5,39.8
31.8,0.46,32641,0.27,30.2,5.0,39.3,26.8
3.2,0.48,19407,0.36,29.8,0.9,40.4,5.8
39.7,0.89,8449,0.15,29.8,5.5,37.0,33.4
34.4,0.31,19987,0.18,43.2,1.5,36.0,30.2
14.5,0.75,20471,0.43,53.1,4.1,41.0,13.6
29.8,0.66,32933,0.36,64.4,9.5,42.2,27.5
12.1,0.3,32719,0.39,35.4,7.9,39.4,11.2
11.0,0.75,29373,0.18,34.7,5.6,44.6,9.4
47.3,0.11,25243,0.24,33.1,6.9,32.2,39.9
39.4,0.56,23369,0.33,41.2,0.4,36.5,36.5
29.3,0.78,27617,0.49,21.2,4.0,40.5,26.1
11.0,0.19,31591,0.36,26.8,1.8,37.9,12.9
31.0,0.12,15041,0.13,63.0,2.9,34.4,26.0
33.7,0.16,5765,0.25,10.6,3.3,30.3,31.9
8.2,0.46,6506,0.26,59.7,2.1,38.9,10.9
16.9,0.8,33115,0.16,41.6,3.2,46.1,15.8
11.7,0.94,31211,0.13,32.0,8.1,48.9,12.0
45.7,0.85,32159,0.29,12.1,1.0,36.7,38.3
42.4,0.77,27630,0.35,54.5,1.8,37.4,35.2
45.2,0.72,32004,0.25,46.2,7.0,40.4,36.4
44.5,0.23,21129,0.37,13.7,7.3,31.1,40.1
45.6,0.45,9944,0.5,14.2,1.1,30.0,38.7
14.1,0.53,32288,0.11,45.1,6.8,43.6,13.6
18.5,0.44,14740,0.26,10.6,1.2,36.6,18.5
25.3,0.16,17878,0.39,34.1,4.8,33.0,21.6
9.7,0.81,8587,0.17,16.8,7.4,42.3,7.8
15.1,0.47,13661,0.19,11.9,6.8,39.0,13.2
35.4,0.81,8736,0.26,27.0,0.6,37.1,32.2
46.6,0.42,17632,0.18,10.9,0.4,31.2,37.4
41.4,0.68,6140,0.19,58.5,8.0,36.5,34.0
22.0,0.19,23439,0.23,44.5,6.3,36.7,22.3
21.0,0.46,17231,0.19,29.6,1.8,37.3,18.7
24.0,0.16,20248,0.36,30.3,0.8,33.6,20.3
16.5,0.61,8672,0.39,53.5,9.2,38.2,13.7
17.6,0.64,27465,0.37,63.5,7.0,42.5,15.7
32.5,0.85,22838,0.49,46.7,0.8,40.2,28.2
26.5,0.73,34992,0.33,64.4,2.4,43.5,24.3
45.0,0.36,30082,0.4,44.1,0.7,32.9,36.8
11.8,0.13,31080,0.4,28.1,2.9,37.8,12.7
38.5,0.54,29190,0.36,25.9,0.3,35.3,32.0
27.9,0.87,18275,0.42,48.3,2.3,39.4,26.7
27.0,0.26,2396,0.13,37.0,9.5,36.0,26.3
8.0,0.25,15393,0.19,14.3,7.3,38.4,8.0
36.6,0.31,13562,0.34,26.7,5.8,32.6,33.6
25.1,0.91,25565,0.26,19.2,4.5,42.1,22.6
37.3,0.75,33588,0.11,31.0,8.6,41.9,32.8
9.3,0.72,18861,0.25,26.8,2.9,40.6,10.3
25.1,0.38,32753,0.18,60.4,0.1,39.7,22.0
21.4,0.45,27863,0.49,30.5,4.9,36.6,20.3
30.2,0.45,4544,0.5,16.8,9.3,32.0,28.9
39.0,0.74,24844,0.3,36.9,6.9,39.8,34.7
33.2,0.89,18173,0.2,11.9,8.1,38.7,30.0
33.0,0.32,31849,0.48,18.1,2.5,33.4,29.3
33.8,0.24,9650,0.41,45.4,9.2,30.9,31.5
26.9,0.26,29718,0.17,33.5,6.9,38.6,24.0
27.6,0.85,22183,0.39,51.4,9.3,41.5,24.9
40.3,0.79,19630,0.4,61.2,4.0,37.9,33.8
49.4,0.79,2103,0.14,52.6,4.2,34.6,41.7
10.5,0.26,10803,0.18,20.0,9.5,37.2,10.7
41.1,0.26,5865,0.4,54.5,2.0,31.6,35.1
45.8,0.19,12887,0.13,14.7,1.3,30.0,37.0
3.4,0.3,33797,0.37,15.5,0.7,39.7,5.6
49.4,0.18,2475,0.25,38.6,9.6,30.0,40.8
25.3,0.74,30144,0.23,47.5,3.5,42.7,22.0
21.1,0.62,25332,0.45,54.3,0.1,38.7,21.2
21.3,0.81,11100,0.11,16.8,5.4,41.8,18.3
23.7,0.68,33142,0.31,46.3,0.1,39.9,22.2
47.2,0.37,25606,0.45,63.3,7.4,33.6,40.2
37.5,0.77,24828,0.27,61.2,9.3,40.1,34.9
43.1,0.87,27222,0.22,20.7,1.5,37.8,38.8
26.2,0.21,7707,0.22,47.0,5.5,33.8,25.3
10.1,0.48,9581,0.29,39.7,2.5,39.5,11.6
7.1,0.94,3915,0.16,61.1,9.0,46.6,9.5
12.6,0.32,33214,0.48,46.9,6.7,40.9,12.5
40.2,0.38,16667,0.47,52.1,6.0,32.4,35.4
20.1,0.71,27011,0.36,53.2,9.7,41.9,17.4
16.0,0.19,24297,0.4,61.5,7.5,38.1,13.4
19.7,0.83,26916,0.33,10.1,0.7,39.2,20.7
17.3,0.41,10277,0.31,43.1,2.3,36.4,15.8
27.8,0.49,11483,0.43,26.3,2.3,33.8,23.7
37.9,0.82,4250,0.34,27.0,9.9,34.8,30.9
49.8,0.7,33344,0.35,21.9,3.0,36.7,43.9
9.3,0.71,16750,0.38,12.9,8.7,40.4,8.3
25.4,0.43,12432,0.5,40.1,3.4,33.2,24.1
20.8,0.55,20549,0.21,60.8,7.0,39.0,19.4
6.7,0.37,5547,0.44,49.0,4.6,37.1,8.8
16.0,0.22,16295,0.42,20.8,6.5,34.9,14.6
43.1,0.19,11673,0.25,64.0,6.8,32.2,36.3
24.7,0.9,9690,0.49,45.8,6.0,39.2,24.6
32.1,0.44,4227,0.15,31.8,3.1,33.7,29.4
39.2,0.94,7872,0.41,57.6,6.5,37.4,32.7
33.4,0.41,9864,0.15,16.7,6.4,34.5,29.7
49.4,0.51,8196,0.42,20.0,4.9,30.0,42.7
22.8,0.59,8516,0.23,49.3,8.6,37.7,21.7
20.9,0.79,34018,0.13,56.0,5.4,46.0,20.8
33.3,0.74,15596,0.49,59.4,1.9,36.8,29.4
40.4,0.2,10442,0.33,45.9,1.0,30.0,33.6
38.1,0.17,10173,0.3,30.0,5.5,30.0,30.5
16.4,0.9,21228,0.36,34.5,5.8,43.8,16.6
27.1,0.94,25076,0.34,38.1,6.9,42.3,21.9
8.8,0.83,16104,0.48,43.1,2.2,41.7,8.8
8.2,0.63,6873,0.32,24.3,6.5,39.6,11.3
34.5,0.9,11387,0.31,13.9,7.4,38.1,32.6
35.4,0.26,26388,0.33,45.6,5.2,35.9,29.9
39.8,0.42,18220,0.13,16.9,1.2,35.2,34.6
5.2,0.64,25777,0.46,52.8,1.5,43.1,4.6
49.0,0.29,8881,0.41,16.8,5.3,30.0,43.6
30.3,0.79,8261,0.31,48.5,8.7,37.2,28.7
10.2,0.9,27530,0.17,54.3,6.8,47.3,12.1
28.5,0.85,28388,0.29,17.0,0.2,38.8,23.4
20.2,0.73,5464,0.47,45.2,3.8,37.4,20.0
34.6,0.46,32001,0.17,64.2,8.0,39.8,29.8
47.2,0.85,16992,0.22,57.2,9.5,38.5,39.8
17.0,0.18,7208,0.13,23.2,1.0,33.7,15.0
46.6,0.79,2700,0.48,33.3,5.1,32.0,40.9
25.0,0.54,10171,0.26,43.9,9.1,37.3,23.5
38.0,0.31,4775,0.34,63.1,6.8,30.9,34.8
27.1,0.29,6923,0.25,17.3,3.6,33.5,22.5
48.5,0.39,18368,0.43,56.8,8.6,32.7,40.3
25.2,0.33,2146,0.4,41.3,2.3,31.7,23.4
41.6,0.13,32346,0.46,56.7,0.7,34.1,33.3
24.1,0.35,9023,0.1,59.0,1.9,36.9,21.7
6.1,0.54,12073,0.26,60.2,0.2,40.2,8.7
14.0,0.5,26530,0.22,33.6,1.9,41.3,13.4
42.3,0.24,25182,0.4,10.3,8.8,30.9,37.4
7.3,0.34,10760,0.26,50.9,9.0,39.4,8.2
33.9,0.33,29596,0.3,37.3,6.8,36.9,27.8
38.1,0.76,28206,0.3,60.8,8.4,40.5,31.0
3.0,0.23,34768,0.11,47.6,0.6,43.1,6.5
22.6,0.61,2526,0.27,25.9,4.9,36.1,18.8
26.5,0.31,9537,0.45,64.7,2.5,33.4,25.3
11.5,0.7,8754,0.38,37.6,1.9,40.4,12.4
13.0,0.21,4514,0.21,20.6,1.5,34.0,10.5
11.6,0.83,26926,0.26,26.9,6.4,44.6,11.7
26.5,0.65,21941,0.14,30.0,9.4,41.2,24.8
13.9,0.86,13911,0.12,12.9,7.5,42.8,15.7
6.8,0.26,34196,0.25,26.7,1.1,41.5,5.5
28.5,0.83,23706,0.24,54.6,7.5,41.6,24.0
15.2,0.6,7716,0.45,17.2,7.5,35.8,12.8
30.2,0.88,14480,0.18,34.5,1.1,40.8,25.7
24.8,0.75,12071,0.12,20.5,5.5,39.2,21.1
44.1,0.83,24763,0.46,34.7,7.2,37.4,37.4
46.7,0.53,3433,0.17,25.1,9.7,31.8,38.8
47.9,0.15,14464,0.4,31.9,6.9,30.0,39.1
38.0,0.43,27575,0.26,24.9,1.9,34.1,31.2
12.5,0.69,31847,0.3,49.6,2.7,44.9,11.3
7.7,0.29,17611,0.22,45.2,9.4,39.3,7.5
8.4,0.84,5376,0.36,23.7,8.3,40.5,8.5
31.0,0.41,7455,0.48,58.6,2.7,33.2,25.5
45.1,0.35,5752,0.35,10.6,3.6,30.0,37.4
2.8,0.66,8975,0.39,47.8,9.5,40.8,3.5
32.1,0.61,15510,0.43,22.1,2.8,33.7,29.4
9.5,0.3,30436,0.25,59.6,1.0,40.7,8.5
10.9,0.83,14377,0.33,61.9,1.9,43.1,13.1
41.2,0.68,14310,0.13,14.0,2.5,36.4,37.5
48.6,0.19,10997,0.39,54.4,6.1,30.0,43.0
38.6,0.65,4866,0.15,52.4,2.7,36.1,35.6
30.8,0.77,2615,0.48,15.8,7.4,33.3,25.7
25.1,0.58,31119,0.43,26.9,4.8,40.1,21.3
28.1,0.33,10065,0.11,12.4,5.5,35.7,24.6
2.1,0.29,16855,0.27,18.1,6.6,39.9,2.8
44.2,0.43,9366,0.3,64.5,2.3,33.7,35.7
18.0,0.41,7557,0.46,43.2,1.9,34.7,17.1
30.8,0.68,11844,0.46,47.8,6.3,36.1,26.0
26.0,0.41,19393,0.42,49.1,0.9,37.2,20.8
46.8,0.23,11606,0.23,31.5,7.2,30.5,37.8
29.7,0.92,20250,0.16,27.8,1.4,40.4,27.6
18.9,0.52,33541,0.38,32.8,8.0,40.1,18.4
13.8,0.46,34578,0.32,37.1,5.4,43.2,12.2
6.0,0.71,16374,0.38,22.9,0.1,39.3,7.6
48.0,0.88,5904,0.46,29.8,8.5,33.4,42.3
8.7,0.49,29595,0.2,55.5,0.7,44.5,10.5
20.1,0.12,29833,0.25,48.6,6.7,39.5,16.4
42.2,0.84,3978,0.16,17.8,2.5,36.7,35.8
38.7,0.5,11182,0.4,48.4,3.1,33.7,33.0
18.2,0.76,2865,0.21,18.6,8.8,39.8,17.1
2.5,0.81,31772,0.32,55.6,9.2,48.1,4.5
36.0,0.46,12276,0.21,15.1,3.8,35.0,30.8
4.7,0.43,7059,0.43,35.8,3.2,37.0,7.0
41.7,0.24,26345,0.36,20.7,1.2,32.6,37.6
3.3,0.34,8977,0.13,42.8,7.6,40.6,4.2
28.5,0.64,4121,0.2,14.7,5.7,37.8,25.2
4.3,0.18,22224,0.1,29.6,2.9,40.7,5.4
11.4,0.74,25320,0.49,48.6,1.1,40.9,9.6
40.8,0.23,27042,0.29,57.8,0.5,34.4,33.4
34.8,0.17,8113,0.48,22.7,2.2,30.0,31.4
49.7,0.53,24374,0.28,17.2,3.0,33.1,42.9
47.1,0.13,27403,0.2,64.8,6.1,35.0,42.7
6.7,0.11,22286,0.32,63.3,7.8,38.9,5.8
6.5,0.37,21372,0.16,25.4,3.7,41.1,9.1
14.4,0.5,18778,0.41,34.3,9.2,39.0,16.2
48.6,0.52,25820,0.44,32.1,8.6,34.0,40.7
42.6,0.91,26489,0.13,32.7,4.6,40.7,38.5
49.6,0.14,5739,0.4,23.5,8.2,30.0,41.1
9.6,0.44,6782,0.19,58.1,6.7,39.9,9.4
24.5,0.55,32464,0.14,19.9,1.2,41.3,21.8
21.3,0.15,24441,0.5,36.7,7.1,34.3,19.4
15.4,0.13,12206,0.48,18.0,2.2,30.0,16.2
5.0,0.79,30187,0.49,21.7,2.2,42.5,4.1
38.4,0.46,18519,0.35,14.6,0.8,31.9,34.3
43.8,0.55,19003,0.17,13.0,9.0,35.2,37.2
48.2,0.35,15015,0.24,33.1,4.8,31.6,42.0
19.0,0.69,27502,0.43,40.8,8.9,40.9,16.2
36.7,0.59,11477,0.23,64.3,9.4,37.2,30.9
9.2,0.49,11665,0.3,27.4,7.9,37.5,10.7
14.6,0.71,31527,0.48,57.1,6.4,42.8,11.9
37.8,0.26,12885,0.34,21.9,2.2,30.0,31.2
34.6,0.91,26265,0.43,10.9,9.0,37.4,31.2
33.1,0.49,28895,0.24,55.6,4.3,39.3,31.4
18.1,0.89,32069,0.27,19.7,6.0,43.6,18.7
35.1,0.47,20562,0.38,61.6,9.1,36.4,28.6
6.2,0.81,7874,0.36,43.9,4.2,40.6,9.6
6.8,0.48,4138,0.37,56.8,2.2,38.4,9.3
28.5,0.2,32774,0.48,29.3,8.0,33.3,26.0
39.7,0.44,26552,0.41,37.9,2.7,35.2,35.1
16.8,0.87,29178,0.37,10.2,9.1,42.9,17.4
42.4,0.54,22805,0.23,62.8,9.9,37.7,35.1
48.7,0.26,27776,0.43,54.1,5.8,33.4,43.8
10.3,0.87,12383,0.27,15.5,8.0,42.8,10.8
32.3,0.77,19054,0.43,18.7,3.3,37.1,25.9
39.0,0.23,7162,0.33,11.4,7.4,30.0,36.1
32.5,0.76,14226,0.2,59.4,3.0,39.2,29.9
39.7,0.75,5391,0.21,61.4,6.3,37.0,35.0
29.8,0.19,32089,0.47,16.7,1.5,33.3,24.2
42.5,0.88,15629,0.26,37.0,0.3,36.8,34.4
48.0,0.16,29519,0.25,27.2,9.1,32.4,38.5
10.6,0.58,4061,0.15,28.9,3.5,38.7,13.5
30.8,0.1,18678,0.47,20.6,0.4,30.2,25.4
43.6,0.2,16218,0.11,17.6,0.9,31.0,38.3
8.1,0.33,15057,0.48,29.2,5.6,36.3,9.0
26.6,0.44,14652,0.2,20.9,8.5,37.5,24.9
48.2,0.19,22420,0.17,21.3,7.2,30.8,41.5
15.0,0.37,9048,0.34,33.6,5.7,36.5,13.9
32.4,0.15,12960,0.46,62.7,2.6,30.9,30.3
47.6,0.55,28103,0.11,19.9,3.3,36.9,42.0
19.2,0.16,26357,0.25,52.9,1.3,37.4,17.0
24.3,0.78,17246,0.32,31.2,6.1,39.9,22.1
6.9,0.34,6903,0.33,45.5,6.9,36.3,6.5
4.4,0.52,5066,0.5,33.2,1.3,37.4,4.4
17.7,0.43,3393,0.21,45.4,8.6,38.7,15.6
42.4,0.44,4563,0.23,10.9,4.8,30.6,38.1
21.9,0.36,22787,0.4,32.0,5.6,36.2,19.5
35.4,0.49,9956,0.44,61.6,1.1,34.7,29.4
41.6,0.22,23158,0.44,49.8,2.3,33.2,37.3
41.2,0.56,2323,0.47,57.7,2.7,32.6,36.9
7.3,0.91,6917,0.21,47.8,7.9,43.2,10.5
30.0,0.2,22927,0.44,51.4,8.9,35.3,28.8
21.8,0.48,10019,0.31,23.2,4.8,35.1,21.3
25.2,0.18,21414,0.38,29.4,8.4,34.2,21.4
33.1,0.83,7112,0.13,37.2,2.2,38.0,28.4
25.4,0.39,22536,0.4,27.2,4.6,35.2,21.1
26.2,0.88,16338,0.47,31.2,4.6,38.6,23.0
5.3,0.46,22129,0.48,41.7,1.1,39.2,6.5
7.1,0.19,3087,0.46,20.3,0.4,31.3,7.0
46.5,0.17,30277,0.18,31.8,4.4,32.6,38.9
23.2,0.41,5220,0.36,50.3,4.3,34.7,21.5
27.4,0.52,30414,0.14,12.7,2.6,40.1,22.5
7.5,0.86,19444,0.2,39.3,2.8,46.1,8.0
20.9,0.29,19581,0.3,19.4,2.1,34.6,19.9
35.9,0.34,2203,0.14,37.7,7.0,32.0,33.3
13.5,0.37,6551,0.17,28.3,4.6,37.1,15.6
34.0,0.46,3364,0.17,24.5,0.9,32.0,30.2
48.5,0.6,34001,0.45,36.0,0.5,33.2,38.9
34.6,0.35,16961,0.31,19.2,1.6,33.4,31.4
23.7,0.72,18865,0.37,23.9,4.6,39.2,23.1
16.5,0.38,33742,0.15,47.7,7.3,44.7,17.5
33.6,0.22,34625,0.11,41.8,7.0,38.4,29.0
11.9,0.18,26758,0.36,63.1,8.8,38.6,11.8
48.0,0.55,19387,0.46,29.2,3.4,30.8,41.3
47.4,0.33,14489,0.12,38.6,3.5,32.1,40.2
48.5,0.77,20901,0.14,10.5,9.3,35.9,39.5
34.7,0.54,20991,0.35,46.5,3.1,36.3,27.8
4.0,0.34,10089,0.12,26.8,4.4,40.7,6.5
2.0,0.31,24951,0.45,53.2,5.1,41.7,6.4
36.2,0.22,14892,0.27,60.5,3.0,33.4,29.1
46.8,0.31,27312,0.27,63.2,1.1,34.3,39.0
29.1,0.68,23134,0.42,17.7,7.7,38.3,24.5
22.0,0.27,21988,0.13,41.2,6.3,37.5,22.0
23.0,0.22,30960,0.38,37.7,6.9,36.8,20.2
19.0,0.5,28886,0.28,60.2,0.4,40.5,15.9
45.5,0.77,26452,0.15,39.9,5.7,39.0,37.9
38.3,0.43,28407,0.37,35.5,7.7,34.3,31.1
15.0,0.94,9015,0.23,15.4,3.0,41.1,14.4
17.9,0.15,5474,0.38,38.4,5.7,33.2,18.8
32.7,0.23,22374,0.39,61.5,8.1,34.9,29.3
11.6,0.16,12028,0.34,16.7,1.1,34.0,13.4
23.3,0.15,9983,0.22,36.6,1.9,34.3,19.8
42.7,0.32,30778,0.44,43.9,4.4,33.8,38.3
33.6,0.25,15130,0.29,26.0,6.7,32.4,31.7
25.7,0.67,27636,0.25,54.0,4.7,42.2,22.0
7.8,0.43,21841,0.11,45.8,6.6,42.3,8.5
45.6,0.4,11129,0.29,49.8,2.8,33.0,40.8
26.2,0.4,27599,0.31,19.6,1.6,36.6,24.2
29.0,0.49,11177,0.21,51.9,3.1,35.5,26.4
20.1,0.5,13821,0.33,61.0,7.8,39.9,18.7
8.2,0.38,24812,0.33,55.6,0.8,41.7,7.7
33.9,0.52,33222,0.23,22.7,7.7,39.0,31.7
40.2,0.19,13403,0.39,31.1,9.7,30.5,33.4
3.8,0.74,30936,0.41,43.4,8.4,45.3,7.7
17.4,0.69,26748,0.15,45.1,5.6,44.2,17.3
12.8,0.73,30446,0.43,54.5,2.0,44.5,13.2
32.2,0.67,15339,0.11,17.7,0.2,36.3,30.1
18.4,0.68,34517,0.18,21.4,8.3,42.6,17.2
19.1,0.86,11035,0.42,34.1,6.3,40.5,15.9
26.8,0.19,34683,0.19,43.1,3.4,37.6,22.6
47.1,0.88,18474,0.26,29.7,8.7,37.7,40.4
13.6,0.54,34771,0.22,44.0,5.5,44.5,15.3
30.0,0.9,19239,0.36,11.8,4.3,39.4,24.3
11.8,0.79,23601,0.47,46.5,8.8,44.5,10.6
5.5,0.91,4317,0.24,13.9,4.2,41.7,8.8
25.0,0.21,4735,0.14,37.3,2.3,31.7,21.8
24.9,0.76,16926,0.11,13.0,7.8,40.7,24.2
34.7,0.73,33599,0.12,52.1,7.0,42.1,29.9
22.5,0.22,30701,0.15,43.9,9.0,38.8,22.6
13.4,0.18,2658,0.19,51.1,8.9,36.2,14.7
29.3,0.94,2976,0.45,23.7,0.7,36.3,24.9
17.1,0.61,18006,0.5,17.1,4.0,37.7,17.0
33.5,0.16,15491,0.3,50.4,3.6,33.4,30.4
47.2,0.76,21181,0.45,23.4,8.9,34.6,39.4
28.0,0.19,24717,0.46,48.8,6.3,34.5,23.1
48.8,0.3,15812,0.15,49.9,7.9,33.5,39.2
13.3,0.47,31737,0.48,11.2,8.4,39.0,12.1
48.3,0.15,27161,0.3,57.5,3.9,33.7,38.9
11.9,0.26,30251,0.31,46.3,0.4,38.9,14.1
38.2,0.39,19205,0.42,42.5,7.6,31.9,32.3
41.8,0.47,30019,0.41,61.1,7.5,37.1,38.2
46.8,0.34,32376,0.27,49.6,7.7,34.7,38.7
48.1,0.5,17612,0.15,10.8,8.0,33.7,39.7
28.1,0.39,27860,0.12,25.1,2.8,38.3,23.7
33.3,0.76,2808,0.15,41.3,3.3,37.1,29.0
23.1,0.5,25509,0.29,56.4,2.3,40.5,18.8
47.1,0.33,22580,0.48,34.2,2.7,31.2,40.2
12.9,0.25,5249,0.19,46.0,1.9,35.5,12.9
23.1,0.37,16939,0.12,49.3,2.7,38.3,22.8
19.0,0.71,17381,0.24,14.3,4.5,41.1,17.8
13.4,0.38,26337,0.43,47.5,0.8,38.0,10.8
31.1,0.41,28747,0.46,30.6,9.4,36.3,26.4
3.5,0.41,21062,0.47,60.2,0.4,38.4,5.4
39.5,0.53,24547,0.48,30.8,5.9,33.8,34.9
9.2,0.75,7140,0.48,62.7,9.9,38.3,10.5
37.2,0.56,9945,0.44,39.0,0.6,31.3,32.1
27.2,0.47,19641,0.18,41.6,9.1,37.8,26.6
13.1,0.37,9563,0.38,34.5,9.6,37.6,12.5
5.8,0.58,7009,0.47,45.9,6.1,38.2,7.5
41.7,0.21,18052,0.41,32.4,5.9,31.0,34.1
14.5,0.34,22568,0.15,32.5,5.1,40.3,16.0
11.5,0.25,31757,0.11,16.6,2.7,41.1,12.0
46.6,0.73,10283,0.45,55.9,0.3,32.8,39.9
27.4,0.43,29679,0.24,32.1,5.6,39.1,25.5
7.7,0.86,24062,0.34,43.9,9.9,46.6,7.9
23.5,0.45,31475,0.4,34.0,7.6,39.2,22.3
37.2,0.72,7491,0.16,10.4,6.0,35.1,31.4
10.5,0.71,20304,0.48,15.3,3.0,39.1,10.1
29.1,0.86,29963,0.21,31.1,7.6,43.1,28.0
44.4,0.72,30215,0.31,41.6,6.2,38.4,36.0
15.7,0.2,19946,0.29,22.3,1.8,36.3,15.6
7.1,0.3,20260,0.16,21.4,8.4,39.5,9.5
3.3,0.87,14788,0.1,55.8,0.4,46.1,5.5
37.1,0.54,31743,0.22,16.0,7.1,39.7,33.9
23.3,0.47,19239,0.13,17.5,2.9,37.0,22.7
37.7,0.29,6872,0.23,37.9,2.8,30.0,33.3
26.6,0.76,22631,0.46,12.1,1.1,37.1,22.2
28.8,0.81,4335,0.48,44.5,2.5,35.2,26.0
43.9,0.29,14823,0.21,18.3,8.2,31.4,36.1
44.0,0.91,16037,0.1,13.7,5.6,37.5,36.2
10.5,0.46,19240,0.35,44.7,2.4,39.2,13.2
44.1,0.81,21144,0.37,37.0,6.3,37.9,38.3
28.1,0.35,16347,0.14,58.4,7.6,37.3,24.1
33.8,0.2,32456,0.48,46.3,3.5,36.7,29.0
8.1,0.85,34058,0.34,47.8,0.4,45.5,10.7
21.6,0.58,23180,0.2,27.5,4.0,40.7,19.5
21.1,0.88,19584,0.29,22.0,6.4,42.4,18.0
44.0,0.56,9229,0.48,43.7,3.4,32.2,38.2
3.0,0.71,26850,0.14,48.8,9.1,47.2,5.7
26.9,0.41,15004,0.49,56.1,4.0,34.2,25.1
15.9,0.24,26502,0.23,21.9,7.4,38.3,12.8
47.1,0.19,28079,0.42,12.3,2.9,30.0,37.8
32.3,0.68,4213,0.21,16.8,7.9,35.1,29.5
15.0,0.17,6842,0.3,48.7,7.4,34.6,12.1
37.6,0.56,11951,0.14,42.4,4.0,37.1,34.0
22.4,0.73,21801,0.21,21.1,2.7,39.2,21.2
24.6,0.35,8098,0.19,32.3,2.9,34.7,22.2
20.4,0.94,27797,0.48,51.9,7.2,44.9,18.6
29.7,0.12,17211,0.28,36.2,1.2,32.3,26.9
6.0,0.58,15610,0.45,36.9,2.6,40.3,5.5
31.6,0.5,17232,0.12,37.1,4.2,37.6,25.5
35.1,0.61,2365,0.21,21.5,5.7,32.5,30.5
26.0,0.92,17449,0.23,49.0,5.2,44.0,21.2
7.0,0.69,26620,0.15,10.7,5.2,42.1,6.2
11.5,0.84,9449,0.12,33.3,1.8,42.9,12.9
28.3,0.44,21447,0.15,64.8,7.2,38.8,27.0
15.0,0.37,26355,0.33,19.1,3.0,37.7,16.8
19.8,0.61,32940,0.29,61.5,9.3,42.3,19.4
42.9,0.22,33055,0.1,32.9,1.6,37.3,35.9
11.0,0.69,32054,0.23,13.4,4.7,44.6,9.6
18.8,0.58,16813,0.24,10.8,2.0,37.7,17.2
37.0,0.41,28428,0.47,40.9,6.5,37.0,30.6
30.4,0.19,16184,0.21,24.5,1.1,33.1,28.2
17.8,0.76,20169,0.49,50.5,6.2,39.9,18.8
12.0,0.1,17193,0.5,15.0,8.1,33.7,14.0
17.5,0.86,5420,0.15,54.4,4.3,42.6,16.4
16.5,0.75,17779,0.32,30.8,3.9,40.2,15.8
27.5,0.85,16018,0.48,62.0,8.4,40.1,25.6
42.3,0.58,34118,0.38,23.8,1.3,37.1,34.7
43.6,0.83,24674,0.39,21.8,5.6,36.4,39.9
47.1,0.43,13731,0.47,64.7,2.0,31.5,40.6
17.8,0.87,18630,0.3,10.7,2.8,41.4,17.5
32.8,0.44,18583,0.21,13.1,5.8,36.5,28.6
31.2,0.49,13388,0.29,58.1,7.5,37.0,29.0
3.8,0.12,12039,0.38,19.7,8.5,36.7,3.6
23.3,0.7,22593,0.14,39.9,9.8,42.9,19.6
31.5,0.11,22740,0.46,19.3,9.9,31.4,25.3
33.9,0.45,6029,0.13,55.4,5.1,34.9,30.8
6.0,0.48,20056,0.34,47.9,4.2,40.3,9.5
16.9,0.58,9714,0.24,41.2,7.0,38.0,16.4
24.2,0.2,7935,0.17,14.8,3.2,32.8,20.2
2.5,0.64,32169,0.13,49.8,2.5,47.1,6.2
32.8,0.87,14523,0.4,50.6,3.2,38.3,27.6
29.1,0.45,14336,0.21,21.0,9.8,36.2,24.6
23.1,0.18,25275,0.33,29.2,6.5,34.5,22.6
3.8,0.81,27275,0.16,41.3,9.9,47.8,5.2
33.0,0.68,20919,0.18,48.5,5.1,40.6,26.9
39.1,0.32,32650,0.2,60.7,5.2,36.6,34.4
24.8,0.5,23167,0.25,30.8,5.9,39.9,23.0
43.7,0.11,29617,0.29,28.5,9.0,32.6,35.9
19.2,0.24,14200,0.4,34.1,6.2,33.6,19.0
24.7,0.31,26459,0.34,36.5,4.1,36.2,20.0
46.6,0.3,9068,0.27,52.6,9.5,31.2,39.8
46.3,0.85,15006,0.48,41.2,1.5,34.9,40.4
39.9,0.15,7924,0.22,52.1,8.0,30.8,31.9
9.1,0.85,21744,0.22,20.2,8.6,44.5,9.5
36.8,0.23,26527,0.1,18.8,1.1,33.6,30.5
24.7,0.42,32374,0.38,52.0,1.0,38.5,20.4
38.6,0.21,23437,0.46,55.1,7.3,32.3,31.2
25.4,0.73,3762,0.19,43.5,7.7,38.9,22.2
18.3,0.8,28095,0.47,45.5,1.5,42.2,16.8
18.3,0.66,29899,0.16,27.1,6.8,43.6,17.0
14.5,0.91,13764,0.17,47.5,8.4,44.0,15.0
6.9,0.83,2801,0.16,17.1,5.1,41.5,9.0
2.6,0.66,28326,0.27,13.0,4.3,43.9,6.1
45.6,0.53,33034,0.38,56.4,9.7,36.8,37.0
10.6,0.46,27131,0.45,14.4,0.2,38.4,9.8
26.7,0.62,31818,0.27,35.6,0.5,39.4,25.7
24.1,0.14,26202,0.2,28.6,3.0,36.4,20.2
19.1,0.11,23275,0.22,12.0,1.2,33.7,18.9
27.5,0.44,13484,0.13,15.2,7.3,35.5,23.4
48.6,0.69,17997,0.47,59.7,9.3,34.4,43.0
29.3,0.13,23403,0.25,18.1,9.8,32.7,25.3
49.1,0.17,21790,0.27,11.2,9.5,30.0,40.6
33.3,0.85,30405,0.49,53.7,5.8,42.0,29.3
40.1,0.69,5200,0.25,36.0,7.6,34.8,34.3
37.8,0.76,20143,0.3,12.5,4.0,37.1,30.3
11.9,0.76,10504,0.21,35.4,7.9,42.4,12.7
6.7,0.29,23273,0.19,43.6,7.3,40.4,7.5
30.6,0.56,33169,0.47,10.7,3.5,36.5,26.2
23.3,0.49,34700,0.18,48.4,6.8,42.3,22.9
48.5,0.64,24629,0.13,51.1,5.3,38.1,40.3
38.0,0.48,32630,0.11,44.4,1.8,38.6,35.4
3.1,0.93,34162,0.5,30.6,5.4,47.2,4.4
47.5,0.2,27935,0.19,64.6,5.8,34.9,41.9
37.3,0.44,28772,0.24,22.0,9.0,36.9,31.2
39.0,0.64,22825,0.3,39.3,2.3,36.0,32.6
46.4,0.23,13640,0.26,10.2,8.3,30.2,40.9
33.5,0.68,8443,0.25,45.9,9.7,36.1,29.9
8.7,0.63,7276,0.34,50.3,9.5,40.9,8.6
14.0,0.58,32927,0.37,62.4,0.3,40.9,13.1
26.5,0.26,12576,0.28,49.8,2.5,33.8,23.6
36.2,0.27,10693,0.22,59.2,2.1,33.0,32.0
49.5,0.78,32238,0.3,16.1,6.1,37.5,41.3
46.2,0.24,32291,0.39,13.8,7.5,31.7,39.6
24.6,0.43,29334,0.48,58.6,5.4,37.9,23.3
31.1,0.94,3554,0.28,55.5,0.7,38.8,28.5
3.9,0.44,30838,0.27,16.8,1.5,40.4,4.4
41.6,0.74,9325,0.39,30.2,6.6,34.7,35.7
14.7,0.38,6854,0.28,49.0,7.5,37.7,15.5
18.4,0.69,23670,0.41,48.5,5.7,40.2,15.5
15.8,0.29,26304,0.33,49.3,3.1,38.2,16.2
29.2,0.36,30826,0.37,18.5,8.1,37.1,27.7
14.4,0.29,15871,0.33,18.2,0.2,34.9,13.3
26.4,0.84,28597,0.29,59.5,9.7,43.1,23.6
27.1,0.42,33801,0.36,57.9,4.9,38.9,24.1
20.2,0.67,6243,0.24,27.0,2.3,37.5,20.1
33.2,0.4,32102,0.33,45.1,0.2,37.3,30.3
41.3,0.77,16966,0.4,30.0,0.4,33.1,35.6
15.0,0.92,7206,0.49,13.1,5.7,37.4,13.2
14.3,0.73,18062,0.19,49.5,1.9,43.5,12.8
37.7,0.72,6172,0.46,17.3,3.1,32.8,31.2
13.7,0.75,33279,0.29,39.5,7.8,44.5,11.9
7.6,0.17,14936,0.14,42.4,6.0,39.7,7.6
2.5,0.47,9308,0.39,34.3,6.5,38.1,5.8
49.6,0.31,28684,0.34,37.1,1.8,31.9,42.2
26.7,0.91,21637,0.21,39.3,3.5,42.1,24.5
7.4,0.74,13939,0.3,27.6,9.7,41.1,8.3
9.8,0.16,30312,0.37,15.2,8.6,37.0,12.0
11.3,0.19,17191,0.19,37.6,3.3,38.8,11.7
6.9,0.36,15781,0.33,18.5,1.6,37.7,9.8
31.3,0.23,33049,0.36,53.4,7.8,35.5,26.4
46.8,0.5,21897,0.25,26.8,7.3,34.6,39.0
29.0,0.75,2371,0.4,32.2,9.7,35.0,25.0
40.7,0.93,19970,0.11,48.7,2.2,40.9,34.4
17.4,0.77,23344,0.32,50.6,8.0,42.4,17.0
23.1,0.33,6877,0.2,27.9,4.8,34.5,23.3
4.2,0.66,33918,0.2,64.3,5.9,46.9,3.7
4.7,0.39,26212,0.28,25.6,4.8,41.4,8.6
37.2,0.8,11857,0.34,41.6,5.7,36.9,32.0
17.7,0.56,19086,0.32,55.0,6.9,41.3,18.5
35.6,0.73,25673,0.46,34.5,8.9,39.0,29.4
24.5,0.49,23824,0.18,63.4,2.7,39.2,20.3
32.8,0.46,33873,0.42,55.7,0.7,36.4,31.2
19.9,0.58,4102,0.48,58.0,3.3,35.7,17.6
5.2,0.16,8038,0.49,52.9,5.4,35.3,8.2
42.6,0.17,32700,0.34,64.6,7.5,35.1,35.5
23.7,0.85,11974,0.36,14.0,6.5,37.7,20.7
27.3,0.69,30337,0.46,32.1,3.0,38.9,21.9
17.5,0.23,16607,0.33,52.2,5.4,36.1,17.3
11.6,0.8,25242,0.46,49.3,5.8,43.6,10.8
6.8,0.55,4585,0.41,39.7,9.6,38.8,7.1
17.1,0.3,15684,0.18,19.0,9.9,37.1,17.5
3.3,0.85,30812,0.15,62.1,0.4,49.9,7.0
43.0,0.28,5225,0.28,32.0,2.1,30.0,34.9
10.4,0.88,9975,0.17,21.5,9.4,43.8,12.0
19.2,0.95,29205,0.18,64.2,8.0,46.9,15.9
23.9,0.11,29526,0.26,57.2,3.6,37.8,23.8
42.2,0.47,21706,0.19,48.6,6.5,37.0,33.8
48.3,0.72,23185,0.12,56.6,1.9,36.9,38.7
26.9,0.22,32789,0.4,13.4,8.0,36.1,23.4
21.9,0.23,13299,0.17,38.5,1.6,34.5,21.6
34.1,0.41,9169,0.41,11.6,2.1,30.4,31.5
31.9,0.12,3692,0.23,58.9,0.4,30.9,29.9
45.9,0.14,26709,0.41,49.7,1.8,31.9,37.8
22.2,0.16,33174,0.29,32.8,9.0,37.9,20.0
43.1,0.79,2047,0.22,35.8,9.0,35.8,36.3
31.5,0.71,33312,0.3,55.7,5.8,42.9,25.8
26.7,0.78,11345,0.19,14.5,1.0,36.4,21.9
12.9,0.26,21733,0.23,63.6,6.7,41.0,12.9
29.7,0.85,10631,0.23,30.6,1.5,38.4,27.5
40.4,0.64,14969,0.49,10.8,6.4,31.3,36.5
13.4,0.44,2767,0.33,36.6,3.5,35.0,13.6
23.7,0.28,19223,0.32,16.5,2.9,33.5,22.8
46.3,0.39,14210,0.2,54.4,4.9,32.6,40.4
18.4,0.54,6136,0.41,33.5,0.4,34.3,17.4
6.5,0.93,9283,0.15,49.2,1.4,44.3,8.0
47.1,0.92,13967,0.26,61.8,10.0,39.3,38.7
42.3,0.29,3095,0.18,51.0,5.3,31.7,36.5
4.3,0.55,17101,0.38,64.8,1.8,41.0,4.2
34.7,0.64,16828,0.44,51.3,1.6,37.1,32.1
15.4,0.92,28271,0.22,59.6,9.7,46.6,16.8
24.5,0.22,21660,0.1,23.8,5.6,35.9,22.7
48.0,0.15,28894,0.16,36.5,1.7,34.4,43.3
48.9,0.93,27640,0.41,45.5,4.0,39.1,39.5
48.2,0.33,28308,0.15,50.7,9.4,37.0,39.3
23.3,0.67,23461,0.1,16.5,3.2,41.8,21.0
33.7,0.35,10183,0.32,43.6,1.6,33.6,31.4
38.2,0.71,19832,0.48,12.3,8.4,34.9,32.7
10.1,0.7,33935,0.4,22.4,1.1,43.9,13.1
31.0,0.61,25760,0.2,56.7,5.0,40.4,25.1
7.0,0.75,20079,0.46,45.2,3.4,41.8,8.9
14.1,0.4,2847,0.14,54.3,2.5,36.8,14.6
7.0,0.76,33972,0.32,56.1,3.8,46.8,8.2
46.4,0.43,9064,0.34,53.6,9.5,31.8,40.9
19.3,0.67,29645,0.43,49.5,0.5,40.4,18.7
23.1,0.49,4442,0.48,54.7,6.3,35.2,18.6
29.2,0.12,23558,0.14,60.6,8.0,35.6,27.0
42.8,0.32,24547,0.24,63.1,2.8,35.6,37.7
32.5,0.75,12524,0.18,52.4,5.5,38.7,27.6
21.3,0.4,13275,0.44,57.1,3.4,35.3,21.2
12.9,0.8,8638,0.47,15.0,4.1,37.6,13.4
32.7,0.74,15248,0.21,48.9,3.6,39.8,29.9
48.0,0.37,9305,0.18,27.1,5.1,30.0,41.6
16.2,0.58,13659,0.26,48.3,2.1,40.7,17.3
21.4,0.32,24292,0.31,31.8,9.2,38.0,17.6
47.9,0.79,21261,0.35,63.4,3.3,37.8,39.5
9.4,0.94,3727,0.3,55.8,9.8,44.6,8.7
12.8,0.65,16153,0.16,26.3,9.6,42.2,12.4
28.7,0.95,14598,0.26,56.6,5.9,41.2,26.1
44.7,0.93,19137,0.38,64.0,8.1,39.1,40.3
47.0,0.37,25401,0.13,48.1,3.3,36.2,41.7
35.7,0.78,10438,0.14,60.5,9.9,39.3,29.1
41.7,0.29,24828,0.39,45.5,5.6,32.5,38.3
24.3,0.59,5486,0.28,34.1,6.0,38.9,19.6
23.5,0.65,24780,0.29,48.8,0.7,41.2,20.6
47.8,0.33,18515,0.48,50.0,7.2,30.0,43.0
49.3,0.28,31629,0.22,48.3,3.1,34.6,40.6
40.3,0.53,28682,0.16,39.7,6.8,38.3,35.3
36.2,0.4,9843,0.41,13.9,0.7,30.3,31.0
9.7,0.27,13753,0.43,11.6,9.3,35.1,8.2
21.4,0.7,27391,0.42,31.0,4.8,39.8,21.4
10.8,0.36,13626,0.38,58.3,5.0,38.8,9.8
49.3,0.64,24263,0.28,15.2,2.7,35.2,43.8
4.9,0.57,26454,0.14,10.1,9.9,44.1,5.5
40.4,0.58,26565,0.44,62.6,2.0,37.0,35.4
10.7,0.29,24626,0.14,47.6,1.6,40.3,10.8
42.6,0.76,11755,0.43,34.5,6.3,35.0,38.8
44.6,0.77,9882,0.42,27.1,3.0,33.3,38.3
45.2,0.52,12174,0.5,60.6,9.4,33.2,40.8
28.3,0.43,31355,0.48,46.8,0.7,36.7,27.4
25.6,0.77,4725,0.24,60.4,9.2,39.9,24.5
45.7,0.7,8473,0.44,15.0,6.6,32.8,40.1
27.0,0.74,15168,0.21,17.5,7.7,38.3,23.1
32.1,0.44,26711,0.13,11.3,1.1,35.6,27.2
49.6,0.76,5612,0.31,12.3,9.5,31.8,41.2
30.2,0.87,13361,0.36,50.7,5.4,40.2,25.1
48.3,0.14,30429,0.4,38.8,1.9,31.3,40.5
35.6,0.87,8465,0.28,20.2,2.3,36.0,31.0
29.4,0.62,4964,0.47,21.3,6.9,34.7,28.1
2.2,0.3,23676,0.49,64.3,8.3,39.7,2.0
8.8,0.31,18920,0.45,33.3,5.7,38.6,11.4
32.1,0.27,19866,0.26,10.6,8.3,32.4,26.6
39.4,0.32,2683,0.35,31.8,7.0,31.1,33.8
33.8,0.29,9496,0.15,59.6,4.9,35.1,31.8
14.3,0.68,28096,0.21,25.8,8.6,43.9,12.7
38.5,0.44,15246,0.48,40.5,5.0,34.7,33.1
7.2,0.29,27432,0.17,51.9,8.1,44.2,7.0
31.5,0.47,11355,0.28,52.3,6.7,33.8,29.0
36.8,0.14,2931,0.48,28.8,9.5,30.0,34.0
18.8,0.27,5698,0.26,18.4,3.0,34.1,16.0
33.6,0.47,30870,0.13,23.5,5.3,38.9,29.7
8.9,0.92,5716,0.14,13.6,5.2,43.7,10.7
17.4,0.13,8802,0.37,10.3,0.1,30.0,14.2
20.6,0.58,16714,0.4,11.9,5.5,38.4,18.9
29.4,0.43,27347,0.28,51.1,6.9,38.9,26.6
18.6,0.94,31817,0.29,59.4,4.6,46.9,16.3
37.1,0.92,27457,0.5,58.5,3.7,40.0,29.8
40.7,0.22,32142,0.26,58.4,8.5,36.5,35.7
12.0,0.44,29376,0.28,34.9,9.5,41.5,11.9
18.2,0.67,10723,0.39,21.3,2.2,37.5,18.9
33.6,0.63,32367,0.32,52.0,4.1,40.8,30.1
12.2,0.22,9120,0.32,34.9,9.1,37.1,11.8
11.6,0.39,12270,0.36,61.5,4.4,38.2,14.0
3.1,0.28,13294,0.21,51.0,5.7,40.5,6.4
11.5,0.45,32708,0.2,50.6,7.6,44.3,11.6
31.3,0.75,4313,0.37,53.3,0.9,37.5,25.3
42.9,0.37,25376,0.18,18.3,2.2,34.2,38.5
19.4,0.87,31269,0.29,48.7,3.0,45.8,20.0
9.3,0.45,28848,0.16,40.4,4.7,43.7,12.4
35.1,0.87,9429,0.37,18.1,4.5,36.3,30.0
20.2,0.24,3307,0.33,64.3,3.7,34.0,18.4
29.5,0.48,3301,0.49,62.1,5.7,35.6,28.0
5.3,0.21,21667,0.37,60.4,1.2,37.4,8.9
48.1,0.27,23017,0.22,53.6,7.9,32.3,41.0
31.8,0.6,13079,0.25,23.9,5.2,38.0,30.4
45.4,0.12,22877,0.46,12.9,2.5,30.0,38.5
3.9,0.74,32021,0.36,28.3,0.4,44.6,7.5
46.5,0.11,3259,0.22,21.0,4.8,30.0,38.6
20.0,0.41,29820,0.26,28.8,9.4,40.5,19.6
28.5,0.52,19476,0.13,34.7,6.8,39.3,27.1
45.0,0.12,10423,0.42,15.9,0.8,30.0,37.9
9.4,0.78,7726,0.45,10.5,0.2,37.4,10.6
9.5,0.63,32196,0.35,28.2,6.7,41.8,10.7
4.7,0.22,7318,0.17,49.5,1.0,36.5,4.8
36.4,0.43,14624,0.29,20.9,9.9,34.2,32.1
10.9,0.34,6015,0.28,37.9,0.9,36.5,13.1
29.6,0.26,10127,0.38,14.2,2.0,30.9,25.3
49.6,0.24,21445,0.34,37.9,2.9,30.0,43.4
27.5,0.66,18493,0.21,18.9,0.7,38.2,24.5
45.3,0.15,30186,0.13,52.0,7.2,36.2,36.7
30.2,0.88,25689,0.38,43.3,9.6,41.5,27.0
36.9,0.37,25469,0.4,36.4,5.0,34.7,34.5
11.1,0.6,4798,0.38,32.5,8.8,37.3,10.5
40.2,0.9,28426,0.29,59.4,4.6,42.5,34.3
3.2,0.22,22756,0.25,57.9,1.6,41.7,4.4
22.9,0.79,13323,0.16,62.0,2.2,42.9,19.7
11.5,0.52,12375,0.22,62.5,5.5,41.2,10.3
25.4,0.72,30367,0.27,56.8,4.9,42.6,20.9
47.7,0.7,20960,0.16,38.5,5.0,36.5,39.2
25.5,0.91,12394,0.24,27.1,6.2,39.6,23.0
18.4,0.42,10397,0.25,63.4,0.7,36.7,17.0
22.0,0.28,23377,0.38,60.1,9.0,36.4,20.0
15.5,0.39,23696,0.38,59.6,9.7,38.6,16.3
29.5,0.87,17533,0.43,23.7,5.7,39.1,28.0
20.4,0.23,23079,0.13,37.0,6.1,37.7,20.8
48.0,0.33,31457,0.26,20.6,7.7,33.6,42.3
24.7,0.29,2200,0.23,55.4,4.9,33.6,20.5
15.1,0.37,22589,0.34,39.5,8.3,37.6,15.1
7.8,0.72,14775,0.31,37.7,2.6,40.3,8.1
35.6,0.82,21541,0.2,17.9,0.4,37.0,28.9
24.3,0.87,11674,0.28,31.0,1.7,38.5,21.7
17.1,0.9,31880,0.21,48.8,4.6,46.7,18.5
7.9,0.84,33267,0.25,27.3,7.2,46.9,9.1
32.2,0.65,27921,0.17,43.7,7.6,40.5,29.5
3.9,0.53,10642,0.3,61.0,1.5,40.5,3.6
9.8,0.71,8020,0.4,63.5,3.4,39.8,10.3
28.2,0.55,27951,0.38,40.1,1.0,38.7,23.6
9.6,0.75,19088,0.19,13.1,6.9,43.8,11.2
25.0,0.14,17247,0.48,62.5,1.5,33.6,21.6
20.6,0.64,27939,0.11,52.1,5.0,43.1,19.2
3.9,0.6,15686,0.19,37.0,3.6,41.6,3.5
44.3,0.53,12759,0.26,18.4,0.2,30.2,36.8
20.0,0.43,15211,0.4,24.1,2.0,34.7,20.5
20.8,0.65,31599,0.11,43.2,6.5,43.2,17.6
4.0,0.78,15473,0.18,41.4,7.5,44.8,7.4
34.4,0.85,21881,0.24,13.0,6.3,37.7,28.8
26.5,0.36,16183,0.43,57.3,2.1,34.7,25.9
20.7,0.38,27608,0.34,19.1,5.0,37.1,21.5
43.2,0.31,9029,0.45,56.9,6.2,30.5,38.8
47.4,0.89,21886,0.28,50.1,9.6,39.5,41.1
48.6,0.73,26433,0.13,33.0,0.3,37.0,42.7
45.1,0.36,19217,0.28,61.3,9.8,34.7,39.3
47.7,0.77,33228,0.17,16.2,7.3,38.6,40.4
44.5,0.69,19900,0.21,48.7,4.8,37.4,35.9
34.5,0.13,34599,0.27,35.6,1.8,34.6,27.7
45.1,0.66,20404,0.38,49.5,2.1,35.5,40.9
11.0,0.69,2127,0.5,12.4,5.7,37.5,13.1
28.8,0.7,17172,0.39,50.8,2.9,39.1,27.1
28.1,0.42,26331,0.39,39.7,3.3,37.4,25.7
21.5,0.59,26386,0.29,29.1,3.0,40.6,19.7
28.0,0.41,30292,0.13,23.9,1.5,37.3,27.0
33.0,0.48,12766,0.46,28.9,9.2,33.9,28.1
32.4,0.73,11143,0.49,53.6,8.3,36.6,27.9
41.5,0.85,34858,0.32,38.6,5.8,40.8,37.9
37.5,0.68,23947,0.3,27.9,8.4,38.7,31.9
47.0,0.54,27742,0.19,29.3,4.1,36.1,40.8
23.8,0.81,14342,0.39,59.1,9.7,40.2,23.0
25.8,0.88,22090,0.2,32.3,8.3,42.1,24.7
3.1,0.13,9934,0.18,55.5,6.8,38.5,2.8
23.7,0.2,25430,0.36,10.6,6.0,34.1,20.5
31.7,0.88,4744,0.37,63.7,5.0,39.1,27.1
14.3,0.5,27149,0.4,52.3,4.3,39.6,16.2
34.9,0.95,26901,0.12,36.8,9.1,42.3,30.3
28.1,0.17,8160,0.28,51.2,2.5,33.0,24.0
39.3,0.83,16192,0.35,15.2,6.9,36.4,34.4
34.4,0.12,31126,0.13,20.0,2.8,33.6,30.2
36.8,0.32,9711,0.38,37.0,9.0,31.2,30.9
9.8,0.35,23719,0.27,47.8,9.7,41.6,9.1
20.6,0.73,13575,0.41,12.4,1.9,37.7,18.2
34.8,0.82,16990,0.39,54.5,9.5,39.3,28.5
49.0,0.61,3551,0.28,30.2,7.0,32.0,39.3
27.2,0.69,8968,0.27,11.8,4.4,36.3,22.2
44.1,0.66,33105,0.26,60.6,9.1,39.6,39.7
7.8,0.24,14241,0.37,34.5,10.0,36.6,6.6
39.9,0.26,29083,0.15,12.2,2.1,34.7,33.4
37.8,0.43,26370,0.12,53.3,1.2,37.2,30.3
44.3,0.22,17969,0.44,54.1,2.0,30.0,37.8
25.0,0.18,27418,0.32,44.5,8.6,37.6,24.3
9.0,0.75,33305,0.31,64.3,5.7,47.3,8.4
38.2,0.81,25705,0.48,55.5,4.1,38.9,32.2
20.9,0.26,26489,0.26,43.4,8.7,38.0,20.5
8.1,0.62,28642,0.36,51.5,1.7,42.9,10.3
22.8,0.13,6347,0.32,48.7,7.8,32.6,22.1
3.9,0.34,20404,0.29,54.4,9.2,41.0,4.8
16.8,0.91,33967,0.25,57.9,6.9,48.2,16.9
46.3,0.61,10995,0.29,15.0,4.9,32.0,40.2
14.1,0.33,19776,0.45,42.7,2.4,37.9,15.9
17.6,0.3,14534,0.24,26.8,8.3,35.7,15.4
22.3,0.66,11127,0.42,47.9,2.0,37.5,21.3
36.2,0.57,15399,0.42,42.0,1.8,34.4,32.2
11.9,0.77,24110,0.17,45.6,5.0,43.4,10.7
25.2,0.33,32086,0.31,18.0,6.1,37.4,24.2
49.2,0.1,14381,0.42,24.0,5.0,30.0,44.0
28.4,0.8,29557,0.18,12.8,4.3,42.6,25.1
20.6,0.2,13868,0.15,51.8,9.9,36.7,16.7
5.4,0.19,19590,0.15,15.3,7.5,38.4,7.6
4.9,0.19,20164,0.21,23.2,2.3,38.5,6.9
38.1,0.89,25170,0.44,18.3,5.6,37.9,34.5
41.6,0.27,3142,0.48,15.0,7.4,30.0,38.2
14.9,0.51,8270,0.2,32.4,2.5,36.8,16.5
15.4,0.1,22217,0.27,57.3,8.5,36.5,14.6
13.1,0.82,28773,0.38,34.3,7.4,43.1,12.4
28.0,0.33,34212,0.27,58.1,3.5,40.2,22.5
26.4,0.43,30979,0.34,30.5,7.1,37.4,23.0
39.8,0.28,22592,0.24,25.1,7.2,32.9,36.3
20.2,0.85,3590,0.37,41.0,6.5,40.1,16.3
29.4,0.41,3343,0.3,49.8,9.1,34.6,24.0
14.2,0.29,26025,0.46,24.3,1.7,36.8,13.9
27.5,0.27,4378,0.49,30.1,7.6,31.8,22.4
46.0,0.18,5281,0.2,38.9,2.6,30.0,39.0
43.8,0.26,28834,0.22,38.6,2.4,34.6,35.5
4.5,0.66,13530,0.22,35.9,4.3,42.6,8.4
30.9,0.17,8652,0.21,53.1,5.4,33.4,28.6
28.6,0.41,13725,0.16,61.3,2.5,39.0,26.7
26.6,0.12,5725,0.26,19.2,4.7,31.0,25.5
13.6,0.62,26064,0.33,25.4,2.5,41.3,12.1
32.7,0.74,6395,0.49,17.5,2.9,34.1,28.8
25.5,0.74,28469,0.46,35.7,6.5,38.9,23.3
42.2,0.44,18477,0.31,32.4,5.1,33.5,36.3
40.6,0.28,26084,0.44,16.4,9.1,31.6,32.6
25.4,0.74,16127,0.27,45.1,1.6,40.1,24.6
39.9,0.74,21790,0.26,17.8,9.0,37.8,33.9
36.2,0.42,15414,0.29,32.9,0.6,32.8,33.7
45.1,0.88,21360,0.25,29.3,9.1,39.5,36.5
16.1,0.8,33267,0.12,64.0,8.5,46.5,13.2
17.9,0.36,12875,0.1,15.6,7.5,37.0,16.9
32.3,0.42,31383,0.26,53.9,4.7,38.9,28.9
15.7,0.14,10080,0.45,51.7,4.4,32.8,15.3
37.9,0.53,12048,0.47,30.8,6.6,32.8,32.5
36.7,0.33,11319,0.4,20.8,6.2,31.0,29.6
2.6,0.21,29418,0.33,33.0,8.3,41.1,2.8
28.3,0.32,15802,0.1,13.6,8.6,35.3,23.0
24.5,0.93,34340,0.15,46.8,8.1,47.3,21.3
36.9,0.42,32731,0.48,24.2,5.6,36.3,31.2
33.9,0.55,20282,0.42,52.8,2.5,35.5,31.2
22.8,0.33,21698,0.3,49.8,4.1,38.2,22.6
7.1,0.23,16655,0.44,22.0,9.6,36.1,8.0
9.4,0.18,25789,0.27,32.0,5.7,38.5,10.6
47.5,0.66,22575,0.47,13.1,4.1,33.8,40.2
21.9,0.93,23874,0.48,16.5,2.4,41.2,22.3
30.2,0.44,17408,0.21,43.6,1.7,36.0,25.0
17.7,0.42,7431,0.14,14.5,7.4,37.0,18.6
46.8,0.77,11954,0.5,10.1,1.9,32.5,38.1
49.2,0.41,25412,0.37,14.8,1.7,31.4,44.3
6.0,0.13,2013,0.43,20.6,1.8,32.8,6.8
49.7,0.19,21099,0.35,38.9,8.3,30.5,42.8
14.5,0.65,8299,0.3,22.3,2.9,38.6,13.6
18.3,0.24,32976,0.42,29.7,5.1,37.3,16.6
40.7,0.3,22271,0.37,21.6,4.7,33.5,36.1
3.8,0.15,9714,0.16,64.9,1.3,38.5,4.7
17.4,0.3,33561,0.27,16.7,6.5,38.4,18.6
28.5,0.6,15747,0.46,46.1,3.7,36.0,23.0
42.4,0.78,27530,0.17,37.4,6.6,40.4,35.9
36.0,0.38,10709,0.43,51.0,7.1,31.8,32.6
43.7,0.26,12759,0.48,32.9,4.9,30.0,39.9
9.1,0.85,17730,0.31,37.2,2.9,43.6,7.5
2.4,0.41,24476,0.42,30.5,0.1,38.9,4.3
41.6,0.53,15832,0.16,47.4,8.6,36.2,35.2
27.4,0.6,14888,0.27,62.2,8.0,38.5,24.2
36.5,0.57,31913,0.12,28.3,4.1,38.6,31.6
44.2,0.89,17135,0.47,55.9,2.3,36.0,36.7
44.8,0.82,17038,0.37,41.9,4.0,37.1,36.9
41.4,0.3,2147,0.27,62.7,8.0,31.6,34.5
41.1,0.56,29312,0.11,57.8,7.4,40.0,36.7
33.8,0.52,15986,0.31,40.4,7.8,34.6,31.3
46.4,0.43,23534,0.17,46.1,0.2,33.0,38.3
25.0,0.18,18920,0.17,26.1,2.6,35.3,20.8
22.5,0.72,25686,0.14,61.2,3.2,42.8,18.3
49.2,0.84,2218,0.48,13.6,7.7,30.9,43.2
15.0,0.25,31575,0.24,37.5,8.4,39.1,14.4
31.5,0.77,25347,0.42,29.4,3.9,38.6,26.1
47.4,0.72,7663,0.5,18.9,3.5,30.0,38.9
49.6,0.74,25028,0.11,56.9,7.9,39.1,41.8
40.7,0.76,28375,0.18,20.5,6.4,39.4,32.9
49.7,0.29,34399,0.32,35.2,3.3,32.3,41.6
45.2,0.13,14326,0.1,29.5,9.9,32.2,38.2
42.2,0.92,32374,0.13,56.4,6.0,42.9,36.6
7.6,0.22,34397,0.32,40.3,7.6,42.1,10.0
32.6,0.31,29894,0.22,57.2,0.6,38.0,27.6
48.3,0.22,18926,0.43,65.0,2.9,32.4,43.5
19.5,0.52,21649,0.26,11.4,2.9,36.4,16.5
6.5,0.22,8561,0.25,15.2,2.7,34.9,6.1
12.2,0.78,17172,0.12,27.1,7.6,44.9,13.5
45.8,0.17,21477,0.46,46.2,1.1,30.0,38.2
44.1,0.18,23840,0.21,12.9,0.8,31.8,40.0
30.2,0.19,33259,0.12,54.5,4.1,39.0,28.9
45.0,0.31,23893,0.17,45.7,5.7,35.0,40.3
32.3,0.11,16314,0.39,17.0,7.4,31.2,27.0
21.6,0.68,19911,0.33,50.1,8.4,39.7,19.7
13.4,0.47,27456,0.18,39.0,3.5,41.1,15.3
15.8,0.31,10168,0.38,24.0,6.1,35.4,12.6
7.5,0.6,18576,0.38,41.7,8.2,39.6,7.2
36.1,0.3,18383,0.4,50.2,6.9,32.7,29.5
12.5,0.92,2184,0.36,49.4,8.3,41.7,11.0
8.9,0.72,10076,0.45,27.9,4.2,39.5,10.4
34.7,0.48,15208,0.44,18.0,4.0,33.5,32.5
13.7,0.52,19950,0.27,23.9,4.4,40.8,11.8
39.5,0.81,32064,0.31,21.2,1.2,38.7,32.5
38.9,0.5,6279,0.33,29.1,6.5,33.1,33.4
35.0,0.33,33249,0.49,24.8,4.9,34.3,31.9
33.0,0.43,11482,0.14,49.7,5.3,36.4,29.8
15.0,0.66,22330,0.4,11.1,5.7,40.0,13.4
40.9,0.74,13989,0.35,63.8,0.1,34.6,37.5
17.7,0.69,29507,0.33,10.1,2.0,41.3,18.0
14.1,0.78,15072,0.35,46.8,9.6,42.3,14.1
19.1,0.42,14862,0.46,27.9,8.6,34.9,17.9
25.7,0.47,3076,0.38,15.7,9.0,34.0,21.7
43.6,0.27,29024,0.31,50.6,1.1,34.9,38.5
12.6,0.28,26305,0.14,24.1,9.2,39.9,12.1
49.6,0.65,31480,0.46,15.1,9.2,34.4,40.9
30.7,0.73,17807,0.12,47.9,5.5,40.5,27.8
35.4,0.11,34083,0.43,21.9,4.2,32.8,31.2
46.4,0.34,29990,0.38,61.4,7.6,35.3,39.9
9.9,0.73,3399,0.37,20.6,8.2,38.7,8.8
41.7,0.27,21333,0.28,46.4,2.3,33.6,34.0
7.7,0.88,15380,0.25,51.6,7.6,45.5,9.6
42.0,0.24,26778,0.1,30.6,5.4,34.1,37.0
44.9,0.19,12324,0.18,18.5,1.2,30.0,37.3
27.0,0.57,23630,0.45,18.7,10.0,38.3,24.3
29.2,0.91,29845,0.17,56.0,4.5,44.3,28.0
40.3,0.81,14862,0.26,30.7,5.4,38.2,36.9
44.0,0.2,10308,0.46,22.6,7.0,30.0,37.6
45.6,0.59,10861,0.12,19.9,8.8,34.0,40.5
13.5,0.14,6860,0.2,40.4,3.5,34.5,12.5
8.5,0.25,30031,0.3,56.1,1.5,40.6,10.8
35.5,0.18,11687,0.35,13.9,7.2,30.0,30.0
9.9,0.33,24130,0.11,52.1,7.8,41.7,11.8
35.2,0.83,3988,0.13,19.1,7.4,36.8,31.6
25.1,0.78,30768,0.41,39.6,3.8,41.4,24.0
37.9,0.61,11815,0.5,27.2,6.8,33.5,31.8
16.0,0.24,11695,0.34,41.7,4.8,34.6,15.3
45.7,0.17,13516,0.43,25.9,6.3,30.0,36.8
22.9,0.12,5201,0.1,24.4,2.5,33.1,20.0
18.4,0.41,20027,0.31,32.3,5.7,38.0,16.1
12.9,0.37,5211,0.25,55.2,7.9,38.1,12.2
4.0,0.71,32786,0.12,21.4,4.2,47.2,6.3
39.8,0.11,14108,0.15,13.3,8.0,30.0,36.5
43.5,0.31,10143,0.46,60.3,7.4,30.9,39.6
32.9,0.57,33040,0.3,61.2,5.2,42.0,28.2
38.7,0.55,6205,0.26,23.3,6.8,33.7,34.3
36.8,0.54,22152,0.26,18.7,2.5,36.4,31.5
36.4,0.41,30238,0.19,27.0,7.8,38.7,33.2
16.0,0.93,27551,0.16,62.0,3.8,48.1,14.3
43.9,0.26,17012,0.39,30.3,5.5,30.9,39.4
37.0,0.67,32790,0.25,32.6,2.9,40.1,31.1
29.6,0.79,3474,0.41,50.2,3.7,35.8,24.6
49.2,0.38,10798,0.29,55.7,0.7,30.5,42.8
3.8,0.68,5769,0.5,26.0,2.1,39.0,7.2
11.3,0.55,22648,0.45,16.7,7.3,41.3,13.1
40.7,0.18,31802,0.31,49.7,7.9,33.7,33.6
30.5,0.64,14975,0.3,17.4,6.5,36.2,29.4
3.9,0.45,4277,0.39,62.6,9.2,38.5,6.9
17.7,0.43,32258,0.48,57.2,7.8,39.8,17.8
27.2,0.11,14112,0.18,11.5,8.1,32.0,23.8
28.4,0.81,2859,0.2,30.8,4.8,37.4,26.2
14.7,0.34,9844,0.48,59.9,9.2,37.2,13.7
31.3,0.39,5797,0.13,43.2,8.1,34.2,29.4
32.7,0.59,9133,0.32,22.4,4.0,33.0,29.1
38.3,0.45,13180,0.43,18.7,2.2,31.8,33.6
9.1,0.3,20023,0.23,33.0,1.0,39.7,11.6
16.1,0.54,28689,0.48,12.4,3.7,38.2,13.0
40.0,0.3,27919,0.27,63.1,7.5,36.0,35.7
22.5,0.82,4762,0.48,58.1,0.6,37.2,22.4
19.3,0.44,7792,0.43,52.0,3.9,35.8,20.1
12.2,0.91,16326,0.2,28.7,0.6,42.5,11.9
28.4,0.47,9128,0.29,56.6,4.3,34.5,25.8
49.2,0.81,21031,0.4,12.2,2.5,33.8,43.8
2.2,0.55,31322,0.41,28.8,2.5,44.1,5.4
27.4,0.45,15891,0.19,30.6,7.3,35.6,22.2
34.0,0.48,3183,0.34,12.6,3.7,30.4,31.2
15.7,0.25,3033,0.39,34.9,2.6,32.7,16.6
21.3,0.61,29573,0.41,41.5,3.8,40.7,19.8
31.0,0.61,31897,0.14,38.7,1.5,40.2,28.7
29.8,0.64,18266,0.16,41.1,3.0,39.5,26.7
40.0,0.83,13476,0.46,16.0,8.4,33.3,36.0
12.7,0.76,30172,0.26,40.8,9.4,44.0,15.1
24.7,0.44,9714,0.28,33.0,8.9,36.4,23.0
10.3,0.28,16949,0.31,22.1,6.7,36.6,9.5
47.6,0.22,3146,0.43,64.0,8.3,30.0,42.6
48.1,0.85,9720,0.49,59.6,5.7,34.8,42.5
39.6,0.45,25509,0.32,18.1,6.6,34.8,32.1
28.4,0.59,24591,0.26,14.0,8.3,39.2,24.8
34.3,0.68,11549,0.41,54.4,3.2,36.4,29.1
46.3,0.2,14585,0.41,31.9,1.6,30.0,41.3
15.1,0.86,3930,0.43,19.0,7.5,37.7,12.1
34.1,0.54,27603,0.46,31.4,10.0,38.2,29.2
11.7,0.17,14670,0.43,28.4,9.7,36.4,13.6
4.3,0.16,5669,0.34,25.4,3.0,33.6,5.0
23.8,0.76,14838,0.45,62.2,6.5,38.8,22.2
4.4,0.41,20336,0.21,59.3,4.5,42.0,3.8
47.3,0.85,28425,0.41,32.6,1.4,36.6,38.5
2.9,0.78,34249,0.39,55.4,9.2,49.4,5.1
46.8,0.16,19271,0.11,61.5,6.8,32.4,38.8
48.6,0.27,31744,0.19,61.5,9.5,35.3,39.7
18.5,0.92,9124,0.29,61.0,4.7,43.6,15.8
49.8,0.87,8662,0.13,19.0,3.9,35.5,44.0
49.0,0.37,32653,0.3,41.5,3.5,35.5,39.8
12.5,0.16,21446,0.22,42.6,7.3,38.7,10.2
43.5,0.35,4818,0.49,15.2,2.8,30.0,39.8
13.4,0.27,18392,0.43,31.9,5.4,37.8,14.4
26.0,0.54,14232,0.13,55.9,6.4,38.7,25.2
44.9,0.6,13953,0.14,20.6,5.2,35.2,38.7
37.3,0.52,30700,0.19,33.4,8.3,38.5,34.2
27.9,0.85,13614,0.32,64.8,4.1,40.2,24.6
37.5,0.52,30094,0.26,61.0,1.3,39.5,32.4
4.9,0.83,34536,0.19,32.3,7.8,48.8,5.7
2.1,0.56,7528,0.36,19.4,2.3,39.9,3.4
34.3,0.17,27779,0.37,46.3,0.2,31.3,32.1
35.0,0.44,11852,0.39,38.8,7.7,35.7,28.9
49.1,0.22,28078,0.49,51.5,9.6,30.7,42.7
13.3,0.63,20927,0.41,57.7,9.5,41.4,11.3
46.1,0.82,4222,0.48,48.0,2.4,33.7,40.5
36.4,0.31,21127,0.36,26.4,6.1,32.6,33.4
31.3,0.57,6326,0.36,25.6,4.6,33.1,29.1
45.8,0.69,30927,0.14,60.8,2.4,39.9,39.4
23.5,0.51,14239,0.11,43.9,2.8,39.4,19.1
32.1,0.93,34433,0.34,37.1,5.5,40.9,30.0
29.6,0.47,34586,0.39,18.5,8.4,37.4,26.1
38.0,0.77,22857,0.37,10.0,6.5,37.7,33.8
40.0,0.41,19650,0.45,46.5,8.7,33.7,35.6
17.9,0.49,4511,0.11,16.9,2.9,36.0,17.0
39.4,0.39,26545,0.21,20.0,5.3,34.5,32.2
41.7,0.62,14169,0.36,44.9,1.4,34.6,36.0
29.7,0.33,27649,0.43,22.2,9.4,33.5,26.6
6.9,0.44,19087,0.13,47.4,3.3,41.7,8.2
18.2,0.94,33673,0.17,62.0,4.0,48.4,19.3
12.6,0.69,24500,0.31,53.0,3.8,43.3,11.2
49.6,0.53,27638,0.25,11.4,6.5,32.3,44.4
28.8,0.11,23000,0.4,52.5,2.9,33.6,24.3
2.4,0.36,9862,0.45,59.2,8.3,40.3,6.5
30.8,0.24,15051,0.31,48.8,5.9,34.8,26.0
3.8,0.81,15774,0.26,14.9,3.0,44.2,4.1
12.4,0.25,16055,0.43,36.2,8.5,37.1,12.5
13.4,0.46,22795,0.12,62.8,2.7,43.4,13.9
7.2,0.91,7710,0.11,29.5,4.6,43.0,8.8
47.5,0.2,32991,0.32,43.3,8.4,33.6,39.8
13.3,0.54,24827,0.26,59.0,9.4,42.7,13.4
45.8,0.76,29268,0.12,27.8,7.8,37.9,38.9
23.2,0.35,12983,0.16,48.8,5.2,37.3,23.5
44.9,0.34,24251,0.39,33.2,3.7,33.5,40.1
15.8,0.53,21958,0.48,60.1,9.7,39.0,16.7
22.5,0.38,10921,0.47,10.3,0.5,32.1,21.2
30.1,0.85,6767,0.48,17.2,8.8,36.3,28.5
41.7,0.78,22799,0.13,10.3,3.5,38.5,36.5
28.7,0.25,8577,0.21,25.6,5.2,33.2,26.0
20.5,0.63,34153,0.16,63.0,6.9,45.7,20.9
39.9,0.71,21180,0.36,18.2,0.2,33.8,33.8
26.7,0.73,12990,0.47,25.8,9.5,37.3,25.4
36.0,0.79,8937,0.39,20.5,0.7,34.5,29.8
8.9,0.81,2464,0.35,44.3,0.7,39.6,9.7
21.9,0.52,15366,0.39,35.5,0.3,33.8,18.3
24.6,0.54,7707,0.37,19.7,1.9,33.9,21.0
48.7,0.58,19408,0.29,30.8,8.6,34.9,43.7
17.6,0.63,31725,0.25,46.2,2.5,43.4,18.4
36.5,0.92,32721,0.17,35.1,2.2,42.9,31.4
36.4,0.28,14199,0.48,60.9,3.3,32.9,32.0
31.5,0.73,13219,0.48,50.3,8.0,38.0,28.5
30.1,0.64,17484,0.32,17.9,9.0,36.6,28.9
39.9,0.83,15316,0.23,61.7,2.7,39.8,32.5
36.8,0.49,34315,0.19,54.5,3.0,40.8,30.7
14.2,0.79,34644,0.34,49.9,1.9,44.8,13.6
41.6,0.83,30756,0.1,41.4,4.5,42.1,36.6
30.6,0.75,34617,0.39,21.8,7.1,41.1,28.6
8.6,0.91,17927,0.15,11.5,6.8,44.8,8.7
37.0,0.72,5557,0.32,19.5,8.8,34.3,30.9
28.6,0.62,32513,0.31,37.8,5.7,40.3,26.6
35.8,0.42,25420,0.17,45.1,4.0,38.0,28.9
42.2,0.74,4650,0.18,25.3,3.1,35.7,37.8
43.0,0.59,9174,0.28,29.1,8.7,33.0,39.2
43.9,0.58,8132,0.11,18.2,5.8,34.1,38.1
18.7,0.12,21843,0.18,25.2,8.7,35.0,17.5
4.7,0.8,2321,0.33,64.6,0.9,41.3,6.8
7.5,0.44,11891,0.39,16.4,1.7,36.1,10.3
46.4,0.92,28877,0.29,46.3,0.6,38.0,37.6
7.4,0.44,10487,0.47,12.3,6.2,35.5,6.1
8.5,0.39,30680,0.47,20.9,6.3,39.6,9.7
22.7,0.39,2878,0.36,35.0,8.8,33.6,22.2
39.3,0.19,20484,0.17,15.0,0.3,30.1,34.1
46.3,0.83,23406,0.49,18.3,2.9,34.9,37.7
42.3,0.6,26033,0.5,29.2,3.9,35.1,37.5
2.1,0.89,24625,0.15,48.2,5.0,46.9,1.8
6.7,0.92,9775,0.16,20.5,9.4,42.9,7.3
38.6,0.21,3772,0.2,14.1,7.5,30.0,31.7
8.8,0.51,5526,0.27,29.9,1.7,38.0,7.3
30.8,0.15,7595,0.27,57.4,0.3,32.0,25.8
8.1,0.34,9014,0.24,24.4,8.7,38.1,9.7
12.6,0.7,20707,0.11,13.2,0.3,39.8,11.9
45.4,0.91,31587,0.25,59.1,3.2,42.3,39.7
49.9,0.42,29863,0.44,62.0,2.6,34.7,44.1
8.6,0.79,32260,0.27,16.1,5.6,45.2,9.5
3.9,0.12,29038,0.32,15.5,4.0,37.0,6.9
6.3,0.24,4793,0.32,38.4,8.1,35.8,5.8
3.5,0.71,24460,0.38,35.5,2.0,42.8,3.0
23.7,0.31,32274,0.39,28.3,9.7,37.7,23.8
47.8,0.52,15074,0.42,19.6,7.1,30.8,38.4
29.1,0.25,25287,0.28,48.7,6.0,36.0,26.1
18.0,0.95,15131,0.34,18.6,8.1,41.5,19.1
46.3,0.81,27796,0.27,18.2,3.6,38.2,37.7
43.0,0.12,5773,0.49,32.2,4.3,30.0,36.0
17.9,0.6,6444,0.42,12.8,5.9,35.4,15.6
2.9,0.66,17463,0.32,61.8,0.8,42.8,5.9
38.3,0.83,19665,0.33,27.3,6.7,37.8,31.5
14.3,0.62,4483,0.42,26.4,8.3,36.2,15.5
46.6,0.44,34297,0.36,45.6,2.1,34.6,41.3
20.3,0.57,21176,0.14,59.9,9.6,41.5,17.0
25.3,0.91,33786,0.29,24.6,2.4,43.7,21.2
37.4,0.92,20946,0.33,60.2,10.0,41.5,32.2
2.7,0.7,19308,0.17,33.7,9.9,44.6,4.5
26.7,0.8,13241,0.14,32.6,8.4,40.3,24.7
33.6,0.64,19006,0.14,61.2,9.4,41.5,28.1
34.8,0.74,31398,0.46,59.4,0.9,39.0,30.1
3.1,0.81,20990,0.47,38.0,8.2,45.0,7.1
44.9,0.36,11059,0.16,16.6,9.5,30.0,40.3
27.1,0.73,17278,0.33,34.2,5.1,38.8,22.5
41.0,0.32,5068,0.27,27.6,6.7,30.6,36.9
10.6,0.26,7578,0.22,32.2,7.7,35.6,11.0
26.0,0.79,19721,0.42,43.0,4.3,38.1,25.3
9.2,0.72,27696,0.33,64.9,9.3,44.4,8.7
30.3,0.29,9727,0.2,53.5,7.9,35.1,26.4
19.0,0.14,18260,0.17,25.6,8.9,35.5,16.9
20.1,0.19,32162,0.33,57.2,6.6,37.9,19.3
10.7,0.64,29632,0.38,25.6,6.1,41.9,9.9
31.4,0.12,31691,0.3,18.3,4.5,34.7,25.9
18.2,0.43,12473,0.49,29.6,7.6,35.7,17.3
8.0,0.53,16549,0.21,32.0,7.0,40.5,7.5
4.0,0.47,18943,0.26,18.3,9.9,39.7,3.5
3.1,0.81,7844,0.22,21.8,8.3,42.5,5.4
38.3,0.72,25445,0.36,64.3,6.4,40.3,31.7
21.6,0.3,33136,0.39,59.2,3.5,40.5,22.2
4.1,0.32,8186,0.26,52.9,7.0,39.7,8.1
38.0,0.52,19182,0.15,15.4,3.2,35.2,30.6
11.3,0.35,3851,0.42,32.9,8.5,33.8,13.5
46.7,0.16,10308,0.38,42.7,5.8,30.0,40.1
4.0,0.56,2186,0.45,35.4,5.6,38.2,4.6
26.8,0.95,16842,0.44,44.2,9.2,40.9,24.6
47.5,0.56,18316,0.38,42.0,7.0,33.2,40.5
29.2,0.69,7917,0.23,42.4,9.8,37.6,27.4
4.4,0.21,10832,0.39,47.4,0.7,35.7,5.3
35.5,0.42,4915,0.24,13.9,0.9,30.3,31.8
5.0,0.81,27879,0.18,27.3,4.2,46.2,6.6
14.5,0.42,5657,0.25,10.4,0.3,33.6,14.9
29.5,0.79,21576,0.31,41.9,1.9,39.8,25.5
43.5,0.77,30502,0.27,32.6,3.3,39.6,37.0
9.8,0.8,22364,0.23,57.6,5.0,44.6,8.0
23.6,0.91,22901,0.49,20.6,5.1,40.6,21.9
22.4,0.31,26217,0.2,32.2,3.9,38.9,21.8
18.2,0.35,9104,0.26,28.4,6.1,36.6,15.7
4.6,0.69,29885,0.16,20.3,1.8,44.5,7.7
22.6,0.85,33060,0.22,17.4,3.2,45.5,18.4
3.3,0.17,20411,0.38,15.5,3.8,37.9,7.4
27.6,0.54,27444,0.5,10.3,9.1,36.2,24.8
7.2,0.6,27957,0.29,37.2,5.6,43.7,8.6
44.4,0.4,2892,0.47,25.0,1.4,30.0,39.1
40.0,0.82,29852,0.13,50.2,9.2,43.1,33.1
38.5,0.51,16940,0.27,48.3,7.3,36.3,35.1
27.5,0.49,24960,0.49,45.0,3.7,37.0,23.5
7.9,0.57,17241,0.3,58.3,3.7,43.1,10.1
47.6,0.14,30130,0.2,45.9,2.9,32.0,42.4
42.6,0.17,11171,0.48,18.5,7.2,30.0,36.3
38.9,0.62,34194,0.37,44.1,8.2,39.7,35.0
38.7,0.31,21232,0.36,47.3,1.7,33.9,31.8
11.2,0.81,26871,0.37,55.1,9.0,44.9,11.7
40.5,0.16,27364,0.48,55.5,2.6,32.6,36.0
11.3,0.43,17043,0.23,40.0,8.3,39.8,10.7
13.0,0.36,4343,0.44,57.5,7.9,37.7,14.1
26.7,0.71,27974,0.28,37.8,5.2,42.0,26.3
15.4,0.32,25557,0.2,33.5,8.3,40.0,13.4
27.7,0.41,6322,0.29,44.1,4.6,34.7,25.4
33.2,0.87,23004,0.2,42.8,1.6,40.8,28.8
26.1,0.66,27296,0.42,41.2,4.3,38.9,21.7
44.6,0.69,5992,0.22,64.2,4.9,35.3,39.2
42.2,0.19,31452,0.37,24.0,2.4,33.0,38.7
27.9,0.92,18556,0.17,17.3,2.1,39.4,25.1
12.9,0.48,17431,0.2,53.6,1.6,41.5,13.1
3.4,0.88,12296,0.48,41.2,9.8,43.7,5.3
26.7,0.14,15899,0.17,16.7,8.2,34.2,25.8
2.8,0.69,27292,0.28,30.9,0.5,43.7,2.4
42.4,0.61,33512,0.39,16.7,5.5,36.7,35.8
6.5,0.15,17416,0.46,25.9,3.3,35.1,6.4
47.3,0.6,5104,0.41,25.2,7.9,31.0,38.5
17.1,0.45,22735,0.43,53.5,0.4,36.7,14.7
39.1,0.11,28494,0.47,10.2,8.2,30.4,35.0
20.2,0.81,23719,0.11,47.9,4.4,45.1,21.0
34.1,0.46,8031,0.13,59.8,4.0,35.1,30.8
35.8,0.86,16732,0.49,10.1,4.5,37.1,30.3
21.1,0.8,19620,0.41,35.8,5.3,41.9,20.7
22.6,0.57,21280,0.32,30.8,7.3,39.0,20.9
21.5,0.43,32088,0.41,39.0,5.4,38.3,20.4
7.7,0.55,33804,0.41,14.0,0.4,40.2,10.2
22.6,0.41,7081,0.33,59.3,0.3,34.2,22.8
8.4,0.85,25495,0.28,63.0,5.3,46.4,9.5
43.9,0.42,21839,0.49,40.4,0.2,32.5,37.0
8.7,0.16,32211,0.24,38.1,9.7,39.8,7.5
25.4,0.35,7912,0.37,17.6,3.0,31.5,20.8
34.3,0.81,11480,0.21,43.5,6.0,38.0,32.1
22.9,0.25,11234,0.34,36.3,5.2,34.3,21.9
49.8,0.85,26015,0.21,17.3,8.3,37.8,41.6
16.1,0.51,4973,0.23,52.9,1.4,38.1,17.1
19.6,0.81,3183,0.48,12.7,6.4,35.9,16.8
35.8,0.39,20029,0.48,35.3,2.2,34.2,31.0
10.5,0.24,23502,0.45,58.7,2.9,39.6,8.7
25.3,0.65,13977,0.16,24.4,4.6,40.9,20.6
47.2,0.56,26454,0.1,13.6,7.9,37.5,42.5
32.8,0.74,5866,0.14,41.6,9.7,36.8,30.7
7.2,0.79,7647,0.23,33.5,7.5,41.2,6.0
19.4,0.9,30874,0.12,41.3,2.1,46.3,17.7
17.1,0.11,33710,0.2,48.5,9.9,39.6,14.1
26.2,0.77,23445,0.38,22.5,6.5,39.9,23.0
28.7,0.28,29009,0.24,42.7,2.9,36.4,25.3
7.5,0.81,7773,0.48,53.6,5.2,41.9,10.0
40.9,0.17,6634,0.11,28.3,1.6,30.9,36.6
33.9,0.44,14004,0.13,59.1,2.2,37.9,28.9
14.3,0.75,17856,0.23,60.5,4.3,42.6,11.7
43.4,0.93,30535,0.12,33.6,2.0,39.2,39.7
44.8,0.89,34989,0.18,26.7,1.9,40.1,39.8
20.4,0.93,21524,0.26,17.6,0.6,40.9,18.5
15.3,0.14,25599,0.28,28.5,0.9,36.9,17.0
9.7,0.58,2637,0.34,39.7,3.4,38.1,10.2
35.6,0.72,8666,0.46,15.5,0.9,32.6,29.0
39.4,0.9,8209,0.34,47.8,1.5,37.2,33.7
20.7,0.68,13609,0.17,11.3,7.2,38.0,18.4
13.2,0.79,19566,0.38,14.6,1.9,41.0,11.2
23.0,0.37,25418,0.45,13.3,1.7,35.2,20.5
41.0,0.88,7173,0.23,28.5,8.6,38.2,34.5
40.3,0.68,19015,0.28,59.0,3.5,37.1,34.4
4.1,0.81,8546,0.41,48.7,8.5,41.5,7.9
36.0,0.6,25996,0.36,60.2,6.7,38.9,32.9
4.3,0.94,20864,0.48,44.2,9.7,45.0,6.9
29.8,0.1,24820,0.15,11.7,2.2,33.6,24.1
31.4,0.93,20626,0.13,39.9,6.3,44.2,30.1
18.2,0.62,13420,0.48,29.8,7.6,36.4,15.8
19.9,0.58,11601,0.12,31.3,0.4,37.1,20.6
2.6,0.12,30080,0.48,60.0,5.5,40.4,2.4
20.6,0.47,19220,0.12,48.2,2.5,39.4,19.9
36.4,0.91,14703,0.33,25.9,5.9,38.2,33.9
20.0,0.29,2182,0.26,35.2,7.6,34.4,16.0
9.7,0.4,2724,0.13,21.7,3.9,36.6,9.0
45.1,0.26,8931,0.28,24.0,5.9,30.0,38.9
39.4,0.29,16504,0.22,57.1,0.8,32.6,35.2
3.5,0.13,29640,0.44,12.6,2.5,36.1,5.6
21.9,0.32,2913,0.16,59.7,1.0,33.8,19.5
12.6,0.22,2425,0.21,47.3,9.6,36.6,13.9
49.8,0.57,31566,0.23,41.1,1.9,36.2,40.7
37.4,0.76,22426,0.17,12.6,9.5,38.6,34.3
40.3,0.85,11271,0.28,29.5,1.9,37.6,33.5
49.2,0.86,10262,0.1,34.5,1.0,35.8,42.9
28.4,0.25,30275,0.38,19.3,6.5,35.7,25.8
33.7,0.16,10158,0.31,60.0,7.3,32.2,29.1
39.1,0.53,15856,0.31,28.3,5.6,33.5,34.9
44.3,0.58,32392,0.38,35.9,7.1,37.6,35.7
4.4,0.94,24260,0.47,36.3,7.7,45.8,7.0
43.2,0.16,26604,0.34,18.5,9.1,31.0,37.1
17.9,0.85,5500,0.36,64.7,1.5,40.5,17.9
24.9,0.1,13641,0.32,43.8,5.4,32.2,21.1
33.8,0.23,18512,0.14,25.3,9.9,33.3,30.3
37.1,0.89,9189,0.13,63.6,9.6,39.3,33.2
34.3,0.73,2854,0.15,44.9,9.8,36.6,28.8
36.3,0.23,10598,0.15,34.1,3.7,33.8,29.6
19.9,0.26,10561,0.3,33.0,8.9,34.3,18.0
21.0,0.1,5764,0.24,53.6,2.4,33.8,18.6
45.3,0.18,16696,0.15,13.9,0.3,30.0,37.0
30.7,0.45,6851,0.29,30.8,6.1,34.2,28.3
27.5,0.2,3911,0.21,56.3,7.4,33.2,26.1
5.2,0.43,12630,0.16,14.5,8.7,40.4,4.2
4.7,0.44,26154,0.49,33.0,9.7,40.2,5.7
47.8,0.85,4659,0.25,48.5,9.3,36.4,40.2
19.4,0.36,20804,0.41,53.1,3.1,38.0,15.7
48.3,0.43,14867,0.37,43.3,2.0,31.7,38.7
33.1,0.42,31728,0.18,56.6,3.9,40.5,28.6
42.0,0.18,11624,0.2,53.2,6.7,33.2,38.3
28.6,0.37,11915,0.14,38.3,5.2,35.3,27.3
3.9,0.72,8428,0.4,61.2,1.6,41.8,7.2
6.1,0.61,26921,0.21,21.1,3.5,44.1,6.1
8.4,0.92,20463,0.48,63.6,1.9,44.3,9.4
12.8,0.32,15258,0.48,11.9,6.9,35.2,10.6
35.9,0.41,34735,0.26,30.6,7.2,37.2,32.4
46.0,0.58,19600,0.3,53.8,4.1,36.3,40.4
36.6,0.94,23987,0.48,29.8,2.5,38.1,33.6
20.9,0.89,34950,0.25,54.4,4.4,46.9,21.2
8.1,0.25,20713,0.25,39.5,9.1,37.7,11.2
46.0,0.36,7736,0.43,20.2,4.1,30.0,37.5
39.8,0.42,26988,0.26,56.4,1.9,37.0,34.1
49.1,0.22,26113,0.41,42.4,1.3,30.4,40.2
7.9,0.79,5449,0.5,62.5,6.5,40.4,10.8
47.2,0.79,21726,0.41,58.7,2.2,36.6,41.8
23.7,0.45,32008,0.19,62.9,6.8,43.0,22.4
7.9,0.9,25348,0.47,17.8,1.3,43.0,8.2
28.4,0.18,20405,0.23,21.5,8.2,33.5,23.6
44.7,0.53,32189,0.2,56.4,6.5,37.5,39.2
4.3,0.52,12721,0.45,61.4,6.8,40.4,5.1
37.6,0.23,31144,0.29,17.3,4.4,33.3,33.5
21.5,0.27,2223,0.14,60.1,6.5,37.1,20.7
41.1,0.79,6121,0.11,61.5,3.3,38.4,35.5
49.2,0.13,11960,0.29,47.5,7.3,30.0,41.7
42.6,0.27,29880,0.11,26.6,9.7,35.6,37.5
7.9,0.88,28083,0.31,44.5,1.0,47.3,7.3
11.5,0.63,25007,0.38,38.5,4.0,41.8,13.7
3.3,0.65,33761,0.41,28.9,7.2,45.2,7.1
33.6,0.28,17376,0.16,18.3,7.0,33.9,31.0
12.9,0.62,13423,0.1,30.0,4.8,40.7,14.5
39.5,0.29,16852,0.27,14.8,3.6,30.2,31.8
21.1,0.87,32088,0.12,20.3,6.1,45.0,19.4
9.6,0.83,26977,0.12,10.8,1.3,44.2,9.7
19.0,0.82,16566,0.46,40.7,5.6,41.6,20.0
25.7,0.77,30491,0.47,51.9,5.4,41.3,21.9
21.3,0.27,31007,0.4,17.2,2.2,36.8,20.5
9.3,0.91,3106,0.35,51.5,3.0,41.8,12.4
18.6,0.94,12111,0.39,46.6,6.9,42.0,19.7
21.4,0.42,24120,0.18,46.1,9.0,39.7,18.3
45.1,0.77,33377,0.45,23.5,8.6,37.7,38.1
40.1,0.33,17487,0.1,46.8,2.4,35.2,34.9
16.6,0.2,23230,0.16,58.9,0.8,38.6,16.6
26.4,0.34,28168,0.19,55.5,4.8,38.9,22.9
5.0,0.72,33204,0.12,27.5,5.7,47.5,7.3
19.7,0.46,19541,0.13,41.1,9.2,38.3,17.5
22.6,0.11,7985,0.33,30.7,9.8,31.4,20.6
40.6,0.15,2034,0.42,11.0,1.8,30.0,37.4
34.0,0.16,34514,0.14,50.1,1.0,36.2,30.1
38.1,0.47,28445,0.29,41.2,4.6,38.8,30.7
47.8,0.5,6862,0.17,37.0,4.9,33.5,42.1
8.3,0.65,3855,0.28,28.7,5.8,39.8,9.3
31.8,0.65,29548,0.24,56.2,9.4,42.5,29.9
35.5,0.36,9555,0.34,44.6,3.9,32.4,29.9
3.5,0.54,23946,0.17,16.9,0.6,42.0,7.0
39.2,0.51,26781,0.21,25.6,6.4,37.1,35.4
15.6,0.11,5272,0.1,33.1,5.7,34.2,15.8
22.9,0.44,31348,0.34,60.8,8.9,41.1,18.8
41.2,0.43,24777,0.27,64.5,2.6,36.5,34.2
17.1,0.29,15053,0.12,50.7,9.8,38.9,16.5
31.6,0.92,30926,0.13,58.6,5.7,44.5,27.2
17.4,0.14,26311,0.34,49.5,1.9,37.7,15.7
9.8,0.24,29100,0.37,33.5,2.4,39.4,9.3
27.2,0.82,23980,0.34,29.2,2.9,40.7,25.0
13.9,0.93,19152,0.45,61.8,3.0,44.0,15.0
40.0,0.36,9950,0.26,61.0,5.9,34.9,35.8
13.6,0.7,18939,0.21,34.8,2.3,43.2,12.2
27.2,0.67,13228,0.16,12.6,3.3,36.6,23.9
31.1,0.51,16321,0.5,46.8,5.4,35.3,29.2
14.9,0.31,8790,0.49,64.9,7.6,35.0,14.1
4.9,0.25,33374,0.4,36.3,3.1,41.0,5.4
36.1,0.45,24064,0.29,42.2,8.6,36.0,29.5
13.7,0.14,20228,0.33,56.7,3.9,38.4,12.1
4.6,0.12,25315,0.14,52.8,2.1,41.2,8.0
18.0,0.43,25346,0.31,42.7,2.0,38.4,18.6
48.3,0.57,30196,0.49,14.3,5.8,33.0,39.7
5.3,0.7,21552,0.18,48.3,4.0,45.2,8.9
28.4,0.14,15415,0.22,20.1,8.3,33.3,23.5
34.2,0.22,18296,0.18,35.2,1.9,32.9,27.5
13.1,0.48,29242,0.3,48.1,8.0,42.8,12.5
41.4,0.81,4141,0.32,59.6,9.5,35.7,33.8
43.3,0.42,5284,0.16,54.3,1.0,33.7,38.0
25.4,0.86,6221,0.29,20.4,0.5,37.1,21.1
27.8,0.77,26026,0.48,19.0,8.2,39.5,25.3
15.5,0.43,13873,0.28,28.5,8.7,38.2,13.4
27.0,0.23,17320,0.1,10.9,3.4,34.5,24.5
7.2,0.27,2652,0.19,22.1,2.6,35.5,9.2
34.2,0.46,31903,0.25,54.9,4.4,39.3,29.5
39.2,0.62,24765,0.4,27.3,9.0,36.8,33.2
4.7,0.9,13340,0.46,50.4,5.6,43.9,5.1
25.4,0.3,16207,0.21,60.5,7.9,38.2,22.6
47.4,0.78,3073,0.14,49.5,9.6,35.9,41.2
8.4,0.14,26464,0.12,54.8,7.2,41.6,11.1
24.2,0.76,8657,0.43,36.2,6.4,37.2,21.8
41.6,0.45,13985,0.47,12.8,3.7,30.0,37.9
9.4,0.68,11721,0.24,58.0,0.7,41.3,8.3
30.7,0.78,24494,0.25,51.7,2.9,41.3,28.3
47.5,0.51,14296,0.28,52.3,0.9,34.1,38.9
8.2,0.17,5089,0.15,35.2,5.2,36.4,10.0
22.0,0.88,5276,0.37,59.0,9.0,40.9,19.9
4.4,0.8,21093,0.38,53.9,9.3,44.4,6.5
31.7,0.31,25262,0.17,27.5,8.9,36.1,29.2
25.7,0.25,11312,0.46,62.0,7.5,34.0,21.5
3.0,0.83,11807,0.16,30.7,3.8,45.3,4.0
40.9,0.6,27067,0.44,20.6,2.0,34.9,36.8
11.7,0.35,21794,0.28,59.8,0.3,37.7,11.9
26.9,0.53,23665,0.1,35.6,8.1,40.9,24.9
38.8,0.68,6677,0.34,58.1,2.0,35.3,34.4
25.8,0.63,13905,0.26,44.9,2.2,39.4,22.2
13.2,0.26,34637,0.29,53.7,1.7,40.5,12.4
9.4,0.46,28172,0.24,14.6,8.1,42.0,10.4
46.5,0.23,20732,0.15,27.7,8.7,33.3,41.8
21.7,0.14,22823,0.23,46.6,5.9,36.7,20.7
41.0,0.65,13295,0.43,49.7,6.7,35.6,37.6
4.1,0.42,23969,0.37,44.3,0.4,39.7,4.3
36.7,0.29,4650,0.12,41.6,8.5,32.3,30.5
43.1,0.15,7485,0.17,18.4,9.5,30.0,38.2
26.5,0.87,9382,0.38,39.6,8.7,39.2,23.9
27.7,0.94,21526,0.46,15.7,5.9,39.0,24.8
20.7,0.94,10753,0.43,47.1,0.5,39.4,18.5
29.4,0.53,34625,0.28,38.8,2.5,39.7,27.2
20.6,0.44,28168,0.4,52.6,1.3,39.7,18.7
8.2,0.35,13815,0.14,17.8,9.3,39.1,7.5
2.8,0.69,4980,0.21,43.6,5.4,41.7,6.2
7.4,0.72,9334,0.14,57.4,4.5,44.0,9.0
48.9,0.34,8326,0.36,38.3,2.1,30.0,42.8
3.0,0.29,30310,0.27,11.2,6.9,40.7,2.4
46.9,0.74,24063,0.18,31.8,8.7,37.8,37.5
32.3,0.38,13761,0.21,58.7,9.0,36.3,27.6
35.1,0.89,13201,0.36,41.1,6.2,38.4,28.4
21.1,0.69,12748,0.43,51.6,9.3,39.3,19.7
44.7,0.85,34872,0.34,31.2,7.9,39.4,40.6
12.3,0.51,7459,0.3,44.9,8.8,40.3,13.6
38.9,0.25,31810,0.14,33.9,3.1,35.7,35.0
2.0,0.16,12161,0.37,53.5,2.1,37.6,2.1
27.9,0.53,16667,0.24,20.3,7.4,37.9,26.0
5.0,0.51,3296,0.26,59.3,5.0,40.3,7.8
36.7,0.8,12947,0.1,59.4,5.4,40.3,29.9
33.4,0.33,6919,0.35,35.7,4.5,31.3,29.2
7.3,0.92,29459,0.33,39.3,2.5,46.9,9.3
18.8,0.52,3090,0.5,55.2,1.6,34.5,19.8
21.2,0.43,13194,0.34,29.5,8.3,36.6,17.7
23.5,0.36,12650,0.24,22.3,2.8,34.1,22.6
37.4,0.85,3472,0.28,44.5,1.5,36.6,33.0
22.3,0.94,21956,0.13,34.1,6.2,43.2,20.6
30.6,0.36,34638,0.2,29.4,6.2,38.7,27.3
21.5,0.16,14683,0.42,54.1,8.5,35.1,18.6
24.0,0.9,24502,0.18,50.3,5.4,44.9,21.9
49.9,0.35,3832,0.21,27.4,7.9,30.1,44.0
44.0,0.38,13200,0.15,58.8,0.4,34.1,37.2
48.1,0.13,28228,0.22,43.1,0.7,31.9,41.2
14.1,0.54,16512,0.1,58.2,5.8,41.9,12.2
34.0,0.13,33618,0.22,54.8,5.6,35.8,28.5
43.0,0.95,24782,0.27,57.6,0.2,38.3,39.0
23.5,0.41,2833,0.12,21.7,6.8,34.8,20.8
30.4,0.84,25323,0.36,11.0,9.7,38.1,26.1
16.1,0.57,14555,0.43,63.8,6.7,40.1,15.1
4.5,0.75,3278,0.36,39.2,1.7,39.9,8.0
40.6,0.13,15372,0.27,58.9,1.3,31.8,34.0
48.5,0.21,4835,0.26,25.1,3.5,30.0,40.9
45.3,0.44,26525,0.17,61.7,3.8,37.1,37.9
18.5,0.61,33305,0.15,61.3,7.7,44.6,15.7
43.0,0.21,2518,0.23,21.9,6.4,30.0,34.5
25.9,0.51,27480,0.22,25.9,7.9,38.6,22.6
12.7,0.47,13188,0.14,55.3,2.4,40.6,14.3
48.5,0.34,24786,0.19,19.1,8.3,33.2,43.3
4.7,0.73,27846,0.15,20.2,1.0,46.0,7.7
13.4,0.76,11383,0.35,35.5,1.7,38.7,14.6
27.7,0.56,18146,0.35,40.6,7.2,37.2,23.1
34.1,0.24,24693,0.16,57.3,1.1,36.7,27.9
26.1,0.52,7507,0.28,13.0,9.2,33.7,22.7
30.8,0.32,31760,0.22,35.9,7.7,37.7,27.8
19.1,0.22,30728,0.45,50.2,8.5,37.3,19.5
7.7,0.59,32111,0.18,25.9,9.0,46.0,7.2
18.0,0.52,3984,0.19,16.9,2.3,37.4,17.8
13.5,0.65,13941,0.27,12.1,4.8,40.0,13.5
10.4,0.88,6477,0.24,19.6,5.5,41.6,11.1
10.8,0.68,22542,0.17,34.5,3.1,44.0,10.3
33.7,0.89,16839,0.29,54.3,5.2,41.3,27.5
22.4,0.51,21171,0.21,31.0,1.0,39.0,20.3
37.6,0.89,28049,0.34,13.6,3.2,39.4,33.0
29.6,0.86,30181,0.2,59.8,0.6,43.9,26.6
30.1,0.12,4420,0.14,39.3,5.6,31.1,26.7
13.2,0.89,24307,0.17,48.7,5.4,46.3,12.6
27.1,0.87,13154,0.36,31.4,7.4,38.2,24.8
47.1,0.81,32003,0.33,34.1,5.7,38.6,42.1
41.5,0.86,23534,0.35,41.4,7.6,39.6,33.8
30.4,0.25,6683,0.28,42.1,7.3,33.4,27.4
45.1,0.82,6848,0.43,26.5,5.5,32.4,38.3
5.9,0.11,23506,0.4,39.1,9.2,36.4,6.0
17.8,0.18,19424,0.42,21.3,5.0,35.0,16.2
27.1,0.17,16263,0.36,21.5,5.1,31.8,25.4
42.7,0.2,7368,0.33,43.5,9.9,30.1,38.9
18.2,0.11,3485,0.4,43.9,9.2,31.9,19.4
36.6,0.64,12939,0.43,34.5,5.8,34.5,33.6
46.4,0.6,16484,0.43,30.6,6.3,33.4,40.4
37.7,0.56,3354,0.4,35.6,7.5,32.7,31.1
34.3,0.12,9965,0.15,23.3,5.9,30.3,27.5
48.0,0.55,33084,0.22,45.5,3.2,38.4,38.6
4.8,0.55,8623,0.44,49.4,0.5,39.2,5.5
44.2,0.35,32214,0.18,13.8,3.5,34.4,37.8
20.2,0.44,30827,0.13,48.0,5.1,40.7,19.2
29.3,0.28,17859,0.42,13.3,0.2,30.3,27.8
38.1,0.93,7921,0.25,62.6,4.6,39.8,31.7
33.2,0.83,26613,0.2,36.8,1.9,40.2,27.1
15.9,0.43,4791,0.36,56.1,9.1,38.2,15.1
10.7,0.12,12381,0.32,33.2,7.7,35.2,13.1
16.2,0.54,26753,0.42,24.1,8.2,39.6,16.4
5.7,0.86,32266,0.48,27.8,8.9,44.4,7.7
16.4,0.8,4808,0.49,63.0,0.5,39.6,16.5
28.2,0.22,16024,0.1,17.8,4.3,33.0,25.1
6.9,0.64,19733,0.28,39.1,5.8,43.6,8.5
40.1,0.89,28985,0.33,12.5,5.0,38.9,36.7
43.3,0.63,2235,0.33,19.5,5.4,33.0,38.9
47.0,0.53,19669,0.45,51.5,3.6,34.0,41.8
17.8,0.74,31732,0.15,37.0,4.6,44.3,18.7
3.0,0.92,9852,0.42,51.7,8.4,44.6,6.2
3.7,0.36,15648,0.34,51.8,9.0,39.0,5.5
11.9,0.5,25536,0.48,22.2,2.4,37.7,11.8
41.8,0.18,2552,0.34,44.2,1.2,30.0,38.2
11.3,0.8,29468,0.49,20.2,1.4,42.4,9.9
3.9,0.32,13166,0.44,22.8,0.9,36.7,3.3
33.3,0.48,10778,0.1,51.7,0.8,37.2,30.1
42.3,0.33,16096,0.16,30.4,7.8,33.8,38.0
32.9,0.15,33635,0.39,27.0,9.6,34.9,27.7
47.7,0.12,33107,0.16,31.4,2.6,32.9,42.8
21.5,0.26,26457,0.13,37.3,3.1,39.0,18.5
44.7,0.65,16023,0.17,15.5,5.4,35.6,38.9
3.7,0.36,30286,0.14,31.0,0.6,43.1,5.2
33.3,0.15,11925,0.41,11.7,3.4,30.0,30.6
20.8,0.78,10882,0.13,29.8,4.2,40.5,18.3
24.8,0.37,5927,0.14,23.4,3.4,34.7,23.8
48.4,0.12,32237,0.19,35.4,2.0,32.9,39.6
6.5,0.27,26947,0.33,50.9,4.8,39.6,5.6
20.7,0.22,9861,0.11,55.3,3.2,37.8,20.3
40.0,0.95,9271,0.33,40.1,9.9,37.0,32.3
42.0,0.49,22079,0.2,13.0,9.8,35.5,35.1
39.8,0.87,14036,0.24,15.1,4.0,35.9,32.6
10.7,0.87,19686,0.4,17.8,7.4,43.5,11.5
16.6,0.8,33094,0.45,30.7,0.3,41.0,16.7
22.2,0.63,22696,0.14,60.8,4.8,43.4,21.9
36.6,0.12,10777,0.21,29.0,7.0,31.4,32.2
18.8,0.42,10612,0.14,41.6,1.2,38.5,19.7
6.4,0.78,28516,0.5,48.7,7.4,44.2,9.1
44.5,0.32,30046,0.42,60.0,5.2,34.2,37.5
4.8,0.11,19644,0.22,24.2,5.2,38.1,5.0
41.4,0.57,7804,0.49,16.0,0.4,30.0,33.8
23.0,0.14,28454,0.33,49.9,5.3,38.3,22.5
44.9,0.93,27758,0.34,50.2,1.4,39.8,37.1
27.9,0.53,19722,0.28,62.3,5.1,39.7,22.9
29.6,0.55,22877,0.21,20.3,7.2,38.3,24.5
37.7,0.52,11724,0.45,29.8,3.4,32.7,34.6
38.5,0.1,3351,0.11,38.5,2.6,30.0,32.8
13.5,0.19,2316,0.1,38.7,7.7,37.0,13.6
6.3,0.31,28620,0.42,11.3,9.6,39.3,8.8
32.1,0.8,11100,0.37,21.1,4.6,35.9,29.8
34.3,0.9,32135,0.4,44.0,3.9,40.4,28.9
49.5,0.91,29869,0.29,24.2,2.5,38.0,39.9
46.2,0.79,20175,0.37,23.7,1.3,36.4,41.7
6.0,0.18,7581,0.23,46.4,5.6,38.1,6.6
14.4,0.53,22253,0.16,11.0,6.4,40.8,11.9
11.8,0.75,20201,0.27,11.6,3.3,40.4,14.2
31.1,0.31,19913,0.45,33.8,1.6,33.5,25.6
44.3,0.71,11127,0.38,39.6,1.0,33.8,38.0
46.2,0.65,31277,0.34,52.2,9.7,39.1,37.7
27.5,0.53,6589,0.3,47.9,9.1,37.4,24.3
39.9,0.4,14625,0.26,18.8,9.3,32.4,32.0
6.2,0.63,11141,0.32,28.3,5.5,41.2,8.4
47.0,0.63,23454,0.24,11.0,6.7,35.4,37.8
24.3,0.25,5629,0.21,32.5,0.6,32.3,20.1
13.6,0.22,7679,0.11,49.8,7.5,38.4,11.5
37.3,0.89,29998,0.13,14.9,0.4,42.1,34.4
47.4,0.71,2755,0.3,33.6,7.5,33.0,42.4
45.8,0.74,22450,0.25,12.5,8.8,37.6,39.9
44.9,0.93,29457,0.5,56.9,3.1,39.4,39.0
18.0,0.11,34716,0.39,53.9,9.8,38.1,19.2
16.8,0.82,19004,0.19,40.7,4.3,42.5,14.3
47.1,0.74,10271,0.43,46.7,1.9,33.7,39.9
2.2,0.43,29414,0.38,31.3,3.6,41.7,2.5
8.2,0.94,30962,0.45,32.5,5.5,44.9,9.1
42.5,0.77,21231,0.29,55.6,6.7,37.6,35.8
3.8,0.93,9133,0.42,26.7,5.7,41.9,8.0
48.7,0.21,22526,0.45,54.6,3.1,30.6,42.7
20.2,0.23,9239,0.16,28.5,6.4,35.9,20.4
31.0,0.74,12723,0.24,41.6,1.8,39.3,26.2
15.6,0.8,10108,0.14,49.1,5.0,42.4,13.5
28.4,0.55,32382,0.2,57.1,4.3,41.5,25.7
15.8,0.84,34944,0.42,49.8,5.3,45.8,14.0
40.5,0.56,28552,0.26,57.6,0.3,37.8,37.4
10.7,0.24,26318,0.22,46.1,2.9,38.9,12.6
11.0,0.83,9763,0.38,12.8,6.2,40.8,12.9
13.5,0.22,27234,0.12,13.2,1.7,38.2,15.8
11.7,0.61,5243,0.13,54.4,0.4,40.3,14.0
41.0,0.3,34530,0.4,42.4,4.7,35.2,36.1
21.9,0.76,8878,0.45,51.7,8.9,40.0,19.3
36.3,0.93,5337,0.39,24.2,5.9,38.1,30.5
49.0,0.5,23538,0.45,60.7,6.3,36.0,40.9
18.2,0.24,9823,0.11,60.7,5.6,38.6,17.9
42.2,0.54,2226,0.29,52.9,6.0,33.6,34.3
21.9,0.46,9278,0.41,35.8,8.4,35.6,18.2
11.7,0.61,27178,0.2,37.0,1.3,43.1,10.5
23.5,0.46,8949,0.46,10.4,8.0,34.1,21.5
34.3,0.71,26008,0.41,35.6,9.7,39.0,28.7
43.7,0.27,10844,0.19,31.7,1.9,31.1,39.8
7.8,0.6,27195,0.34,52.0,5.6,44.0,9.6
3.0,0.78,25364,0.13,44.1,1.3,46.1,5.3
49.2,0.89,11308,0.14,13.0,1.2,34.7,40.1
5.5,0.51,2632,0.19,30.0,9.8,39.5,9.2
33.1,0.75,12259,0.21,21.7,7.5,38.3,27.6
8.6,0.56,21191,0.3,22.1,0.2,39.7,11.4
37.5,0.61,6888,0.43,27.4,2.4,33.1,30.4
24.9,0.41,27436,0.38,32.2,8.0,38.2,21.1
43.7,0.62,23626,0.19,40.2,1.0,36.0,39.4
15.3,0.52,19011,0.41,18.6,5.1,39.2,16.3
39.8,0.83,10013,0.23,23.6,3.4,36.4,32.4
28.2,0.16,31428,0.46,28.1,1.1,32.0,23.7
19.9,0.58,8452,0.24,24.3,3.8,37.6,19.3
30.7,0.24,27123,0.11,26.3,3.0,36.4,28.4
42.4,0.41,20362,0.27,35.4,1.5,33.1,34.1
11.8,0.8,32398,0.15,31.1,2.7,46.7,12.7
27.5,0.65,17065,0.29,49.7,2.2,38.1,23.1
2.8,0.26,30986,0.22,14.0,3.1,41.0,6.5
35.9,0.67,27121,0.12,40.9,3.4,40.5,31.4
49.1,0.86,14185,0.32,55.9,10.0,36.1,41.5
22.6,0.22,31184,0.36,30.7,2.1,36.3,22.3
11.9,0.39,28272,0.29,48.0,3.6,41.3,10.1
44.9,0.47,33141,0.34,32.4,6.8,36.5,40.5
27.1,0.43,17319,0.17,48.2,7.8,38.2,25.6
14.5,0.39,3664,0.37,61.9,6.1,37.0,13.7
6.0,0.87,31450,0.27,24.2,0.2,45.0,5.8
33.5,0.37,31506,0.12,36.1,6.0,37.4,28.5
9.6,0.82,3810,0.2,53.0,2.7,42.6,11.9
24.9,0.83,10535,0.28,21.3,0.7,38.7,20.7
7.0,0.75,32460,0.43,45.8,5.0,46.8,8.6
48.5,0.19,12772,0.12,26.2,6.2,30.1,40.1
28.5,0.59,17249,0.11,19.7,1.1,37.6,24.9
29.8,0.28,13742,0.17,59.4,7.5,38.4,27.8
2.7,0.95,19441,0.17,31.9,5.0,46.8,2.5
22.3,0.12,6682,0.28,58.6,7.6,35.1,18.2
46.3,0.48,4578,0.46,47.7,9.4,30.0,38.5
11.5,0.26,32070,0.17,60.4,3.8,42.4,13.2
9.7,0.34,31071,0.27,23.3,5.6,41.1,10.5
48.0,0.13,28063,0.4,27.9,0.7,30.3,41.5
49.4,0.38,16351,0.4,22.4,4.7,30.0,40.3
38.4,0.25,7702,0.16,41.5,8.2,32.6,32.2
39.1,0.79,5899,0.15,33.7,4.3,37.8,33.3
17.9,0.25,12892,0.32,26.7,9.8,34.5,18.1
30.1,0.12,2037,0.3,40.0,3.1,30.0,24.1
37.9,0.94,29052,0.44,11.2,0.5,39.0,30.8
48.1,0.82,5044,0.17,52.4,9.1,36.2,42.4
47.3,0.85,17610,0.35,25.4,5.5,36.8,38.7
9.5,0.91,18204,0.18,10.4,1.8,43.0,9.4
4.0,0.79,23717,0.24,63.5,1.2,46.7,4.9
17.8,0.71,4188,0.19,32.3,5.1,38.7,17.0
28.9,0.69,15641,0.35,51.5,2.5,38.8,24.4
46.1,0.6,10667,0.1,39.6,3.5,34.6,40.6
27.8,0.65,10024,0.15,63.1,2.8,39.4,25.1
23.3,0.38,27743,0.23,58.1,6.1,40.6,19.3
4.7,0.22,34532,0.26,14.1,4.7,40.1,4.1
2.7,0.25,19576,0.36,41.1,9.0,39.0,3.9
49.3,0.18,10679,0.17,34.5,7.1,30.5,43.1
8.1,0.46,19961,0.29,18.3,8.5,40.3,9.6
21.1,0.43,11297,0.38,59.0,4.3,35.6,17.0
29.4,0.23,19601,0.23,17.6,0.7,33.5,24.4
7.1,0.4,17091,0.44,29.5,3.2,37.9,6.4
29.9,0.19,17582,0.37,12.7,8.5,33.3,26.3
30.4,0.64,19100,0.29,63.6,3.8,39.4,25.1
6.5,0.56,18670,0.35,47.1,7.0,40.2,7.9
7.3,0.25,2486,0.22,39.9,5.0,35.4,10.0
11.5,0.28,17366,0.4,42.4,9.9,37.9,11.3
6.6,0.84,5746,0.17,35.7,5.5,42.8,5.6
26.9,0.64,25545,0.39,39.2,8.3,40.2,24.2
48.7,0.37,30655,0.38,36.3,4.1,34.2,40.3
25.1,0.66,13028,0.24,60.8,8.6,41.1,23.3
17.3,0.42,27676,0.17,18.7,1.9,38.9,16.5
18.9,0.78,28590,0.17,58.6,3.1,46.2,16.0
21.7,0.6,18511,0.45,45.5,1.0,39.0,18.6
15.1,0.34,13469,0.34,53.3,6.1,37.1,15.4
20.9,0.81,31057,0.12,32.5,0.1,44.0,20.9
4.5,0.59,30200,0.18,13.7,8.4,43.3,6.8
2.9,0.3,6906,0.12,51.8,5.8,40.0,5.0
10.5,0.24,32387,0.14,62.2,2.3,43.9,12.7
35.4,0.46,3393,0.47,17.9,4.9,31.2,30.3
46.3,0.74,5597,0.29,34.0,1.4,33.5,38.4
